date,product,units_sold,unit_price,cogs_per_unit,fulfilment_cost_per_unit,marketing_spend,returns_rate
2023-01-01,Product A,85,25,13,3,341.7,0.052
2023-01-01,Product B,53,40,23,4,327.13,0.046
2023-01-01,Product C,25,60,32,5,203.51,0.027
2023-01-01,Product D,19,90,48,7,209.79,0.017
2023-01-02,Product A,90,25,13,3,276.75,0.089
2023-01-02,Product B,56,40,23,4,308.57,0.038
2023-01-02,Product C,31,60,32,5,244.6,0.029
2023-01-02,Product D,21,90,48,7,254.14,0.015
2023-01-03,Product A,90,25,13,3,431.37,0.08
2023-01-03,Product B,49,40,23,4,341.1,0.045
2023-01-03,Product C,36,60,32,5,239.93,0.033
2023-01-03,Product D,21,90,48,7,168.78,0.018
2023-01-04,Product A,63,25,13,3,324.76,0.071
2023-01-04,Product B,58,40,23,4,298.67,0.038
2023-01-04,Product C,29,60,32,5,290.08,0.028
2023-01-04,Product D,17,90,48,7,202.38,0.013
2023-01-05,Product A,67,25,13,3,378.42,0.087
2023-01-05,Product B,52,40,23,4,365.36,0.057
2023-01-05,Product C,24,60,32,5,271.88,0.018
2023-01-05,Product D,21,90,48,7,236.58,0.014
2023-01-06,Product A,94,25,13,3,300.76,0.054
2023-01-06,Product B,71,40,23,4,317.06,0.045
2023-01-06,Product C,33,60,32,5,279.3,0.024
2023-01-06,Product D,22,90,48,7,249.97,0.02
2023-01-07,Product A,70,25,13,3,359.22,0.078
2023-01-07,Product B,60,40,23,4,325.69,0.049
2023-01-07,Product C,28,60,32,5,250.53,0.021
2023-01-07,Product D,20,90,48,7,182.28,0.011
2023-01-08,Product A,81,25,13,3,310.9,0.082
2023-01-08,Product B,57,40,23,4,343.29,0.038
2023-01-08,Product C,24,60,32,5,301.3,0.015
2023-01-08,Product D,18,90,48,7,217.92,0.017
2023-01-09,Product A,100,25,13,3,264.19,0.07
2023-01-09,Product B,43,40,23,4,269.99,0.047
2023-01-09,Product C,39,60,32,5,283.53,0.032
2023-01-09,Product D,18,90,48,7,195.75,0.022
2023-01-10,Product A,71,25,13,3,316.39,0.065
2023-01-10,Product B,56,40,23,4,354.94,0.057
2023-01-10,Product C,33,60,32,5,254.79,0.021
2023-01-10,Product D,22,90,48,7,241.99,0.018
2023-01-11,Product A,93,25,13,3,341.18,0.075
2023-01-11,Product B,51,40,23,4,311.6,0.058
2023-01-11,Product C,27,60,32,5,319.01,0.015
2023-01-11,Product D,19,90,48,7,273.65,0.023
2023-01-12,Product A,84,25,13,3,350.76,0.075
2023-01-12,Product B,60,40,23,4,309.17,0.036
2023-01-12,Product C,27,60,32,5,335.05,0.033
2023-01-12,Product D,18,90,48,7,203.58,0.016
2023-01-13,Product A,80,25,13,3,424.27,0.081
2023-01-13,Product B,56,40,23,4,292.88,0.05
2023-01-13,Product C,32,60,32,5,264.63,0.033
2023-01-13,Product D,20,90,48,7,244.01,0.019
2023-01-14,Product A,67,25,13,3,227.65,0.066
2023-01-14,Product B,56,40,23,4,297.22,0.04
2023-01-14,Product C,32,60,32,5,217.63,0.019
2023-01-14,Product D,23,90,48,7,183.77,0.02
2023-01-15,Product A,73,25,13,3,362.84,0.057
2023-01-15,Product B,62,40,23,4,368.34,0.038
2023-01-15,Product C,44,60,32,5,221.78,0.015
2023-01-15,Product D,21,90,48,7,250.86,0.018
2023-01-16,Product A,100,25,13,3,382.33,0.076
2023-01-16,Product B,44,40,23,4,328.15,0.039
2023-01-16,Product C,30,60,32,5,257.99,0.031
2023-01-16,Product D,17,90,48,7,246.3,0.013
2023-01-17,Product A,72,25,13,3,241.71,0.062
2023-01-17,Product B,49,40,23,4,302.37,0.06
2023-01-17,Product C,34,60,32,5,317.66,0.032
2023-01-17,Product D,18,90,48,7,214.55,0.022
2023-01-18,Product A,76,25,13,3,324.05,0.064
2023-01-18,Product B,73,40,23,4,249.6,0.045
2023-01-18,Product C,34,60,32,5,290.83,0.027
2023-01-18,Product D,23,90,48,7,190.26,0.019
2023-01-19,Product A,88,25,13,3,370.02,0.082
2023-01-19,Product B,48,40,23,4,367.78,0.04
2023-01-19,Product C,22,60,32,5,257.78,0.015
2023-01-19,Product D,17,90,48,7,227.84,0.019
2023-01-20,Product A,101,25,13,3,319.33,0.074
2023-01-20,Product B,65,40,23,4,217.26,0.04
2023-01-20,Product C,29,60,32,5,249.09,0.027
2023-01-20,Product D,20,90,48,7,222.07,0.023
2023-01-21,Product A,75,25,13,3,317.19,0.081
2023-01-21,Product B,57,40,23,4,196.33,0.058
2023-01-21,Product C,26,60,32,5,310.86,0.031
2023-01-21,Product D,17,90,48,7,206.88,0.016
2023-01-22,Product A,69,25,13,3,386.96,0.067
2023-01-22,Product B,46,40,23,4,229.58,0.042
2023-01-22,Product C,31,60,32,5,275.97,0.024
2023-01-22,Product D,24,90,48,7,246.01,0.018
2023-01-23,Product A,76,25,13,3,303.3,0.076
2023-01-23,Product B,42,40,23,4,349.13,0.057
2023-01-23,Product C,28,60,32,5,230.97,0.021
2023-01-23,Product D,18,90,48,7,312.13,0.013
2023-01-24,Product A,76,25,13,3,357.32,0.054
2023-01-24,Product B,51,40,23,4,390.62,0.051
2023-01-24,Product C,27,60,32,5,284.83,0.031
2023-01-24,Product D,16,90,48,7,161.87,0.011
2023-01-25,Product A,88,25,13,3,362.46,0.087
2023-01-25,Product B,65,40,23,4,301.49,0.048
2023-01-25,Product C,32,60,32,5,224.22,0.021
2023-01-25,Product D,19,90,48,7,257.29,0.015
2023-01-26,Product A,77,25,13,3,434.56,0.067
2023-01-26,Product B,69,40,23,4,254.07,0.031
2023-01-26,Product C,38,60,32,5,251.44,0.035
2023-01-26,Product D,22,90,48,7,305.94,0.013
2023-01-27,Product A,75,25,13,3,421.34,0.083
2023-01-27,Product B,61,40,23,4,389.79,0.059
2023-01-27,Product C,34,60,32,5,228.07,0.017
2023-01-27,Product D,18,90,48,7,261.59,0.015
2023-01-28,Product A,91,25,13,3,460.8,0.084
2023-01-28,Product B,66,40,23,4,358.46,0.056
2023-01-28,Product C,30,60,32,5,227.32,0.015
2023-01-28,Product D,19,90,48,7,246.12,0.012
2023-01-29,Product A,86,25,13,3,444.65,0.054
2023-01-29,Product B,59,40,23,4,248.67,0.049
2023-01-29,Product C,28,60,32,5,257.37,0.024
2023-01-29,Product D,26,90,48,7,244.79,0.014
2023-01-30,Product A,91,25,13,3,344.05,0.089
2023-01-30,Product B,51,40,23,4,372.19,0.036
2023-01-30,Product C,34,60,32,5,313.17,0.017
2023-01-30,Product D,23,90,48,7,169.92,0.022
2023-01-31,Product A,78,25,13,3,236.63,0.078
2023-01-31,Product B,64,40,23,4,297.61,0.051
2023-01-31,Product C,32,60,32,5,232.72,0.031
2023-01-31,Product D,20,90,48,7,197.36,0.022
2023-02-01,Product A,96,25,13,3,317.89,0.071
2023-02-01,Product B,52,40,23,4,275.81,0.04
2023-02-01,Product C,31,60,32,5,277.45,0.016
2023-02-01,Product D,21,90,48,7,242.65,0.016
2023-02-02,Product A,86,25,13,3,412.83,0.086
2023-02-02,Product B,57,40,23,4,369.0,0.057
2023-02-02,Product C,31,60,32,5,245.18,0.018
2023-02-02,Product D,12,90,48,7,232.13,0.011
2023-02-03,Product A,85,25,13,3,273.02,0.075
2023-02-03,Product B,54,40,23,4,403.84,0.056
2023-02-03,Product C,31,60,32,5,262.08,0.016
2023-02-03,Product D,20,90,48,7,118.63,0.01
2023-02-04,Product A,97,25,13,3,287.61,0.085
2023-02-04,Product B,73,40,23,4,318.25,0.047
2023-02-04,Product C,36,60,32,5,214.28,0.035
2023-02-04,Product D,17,90,48,7,234.77,0.016
2023-02-05,Product A,98,25,13,3,276.34,0.083
2023-02-05,Product B,69,40,23,4,228.0,0.043
2023-02-05,Product C,39,60,32,5,350.1,0.016
2023-02-05,Product D,20,90,48,7,305.39,0.021
2023-02-06,Product A,93,25,13,3,366.87,0.069
2023-02-06,Product B,55,40,23,4,369.6,0.038
2023-02-06,Product C,34,60,32,5,206.64,0.034
2023-02-06,Product D,22,90,48,7,204.97,0.023
2023-02-07,Product A,76,25,13,3,310.23,0.081
2023-02-07,Product B,52,40,23,4,313.95,0.035
2023-02-07,Product C,31,60,32,5,254.12,0.027
2023-02-07,Product D,27,90,48,7,200.62,0.012
2023-02-08,Product A,91,25,13,3,447.7,0.059
2023-02-08,Product B,50,40,23,4,222.21,0.04
2023-02-08,Product C,39,60,32,5,257.77,0.019
2023-02-08,Product D,21,90,48,7,263.26,0.014
2023-02-09,Product A,72,25,13,3,331.02,0.054
2023-02-09,Product B,61,40,23,4,347.84,0.058
2023-02-09,Product C,26,60,32,5,359.72,0.019
2023-02-09,Product D,23,90,48,7,209.84,0.015
2023-02-10,Product A,83,25,13,3,304.66,0.076
2023-02-10,Product B,58,40,23,4,340.89,0.045
2023-02-10,Product C,29,60,32,5,281.19,0.024
2023-02-10,Product D,22,90,48,7,262.66,0.017
2023-02-11,Product A,87,25,13,3,329.77,0.07
2023-02-11,Product B,60,40,23,4,225.76,0.057
2023-02-11,Product C,26,60,32,5,290.37,0.03
2023-02-11,Product D,13,90,48,7,240.28,0.023
2023-02-12,Product A,85,25,13,3,294.0,0.065
2023-02-12,Product B,72,40,23,4,352.0,0.055
2023-02-12,Product C,41,60,32,5,271.97,0.018
2023-02-12,Product D,26,90,48,7,226.46,0.021
2023-02-13,Product A,69,25,13,3,291.7,0.057
2023-02-13,Product B,63,40,23,4,262.16,0.034
2023-02-13,Product C,34,60,32,5,297.11,0.031
2023-02-13,Product D,22,90,48,7,151.18,0.014
2023-02-14,Product A,83,25,13,3,333.39,0.084
2023-02-14,Product B,54,40,23,4,380.37,0.05
2023-02-14,Product C,33,60,32,5,283.45,0.027
2023-02-14,Product D,21,90,48,7,233.34,0.017
2023-02-15,Product A,83,25,13,3,298.97,0.075
2023-02-15,Product B,62,40,23,4,300.73,0.041
2023-02-15,Product C,35,60,32,5,244.01,0.029
2023-02-15,Product D,24,90,48,7,309.54,0.018
2023-02-16,Product A,110,25,13,3,422.5,0.07
2023-02-16,Product B,54,40,23,4,347.77,0.034
2023-02-16,Product C,31,60,32,5,285.23,0.017
2023-02-16,Product D,27,90,48,7,274.01,0.01
2023-02-17,Product A,87,25,13,3,243.89,0.085
2023-02-17,Product B,46,40,23,4,156.39,0.052
2023-02-17,Product C,27,60,32,5,309.08,0.033
2023-02-17,Product D,20,90,48,7,210.51,0.011
2023-02-18,Product A,57,25,13,3,403.04,0.087
2023-02-18,Product B,63,40,23,4,237.29,0.059
2023-02-18,Product C,29,60,32,5,305.95,0.016
2023-02-18,Product D,21,90,48,7,117.75,0.02
2023-02-19,Product A,58,25,13,3,289.42,0.082
2023-02-19,Product B,53,40,23,4,260.04,0.046
2023-02-19,Product C,31,60,32,5,256.89,0.031
2023-02-19,Product D,31,90,48,7,196.61,0.016
2023-02-20,Product A,87,25,13,3,401.17,0.084
2023-02-20,Product B,68,40,23,4,279.82,0.048
2023-02-20,Product C,32,60,32,5,278.09,0.018
2023-02-20,Product D,22,90,48,7,231.4,0.023
2023-02-21,Product A,88,25,13,3,429.06,0.068
2023-02-21,Product B,58,40,23,4,274.76,0.037
2023-02-21,Product C,39,60,32,5,320.85,0.028
2023-02-21,Product D,20,90,48,7,227.04,0.023
2023-02-22,Product A,97,25,13,3,269.24,0.051
2023-02-22,Product B,54,40,23,4,324.46,0.057
2023-02-22,Product C,32,60,32,5,255.18,0.023
2023-02-22,Product D,24,90,48,7,204.76,0.022
2023-02-23,Product A,75,25,13,3,415.16,0.054
2023-02-23,Product B,75,40,23,4,219.18,0.031
2023-02-23,Product C,36,60,32,5,253.25,0.027
2023-02-23,Product D,25,90,48,7,255.04,0.017
2023-02-24,Product A,93,25,13,3,432.42,0.074
2023-02-24,Product B,70,40,23,4,257.84,0.048
2023-02-24,Product C,29,60,32,5,207.2,0.034
2023-02-24,Product D,21,90,48,7,246.6,0.01
2023-02-25,Product A,83,25,13,3,304.87,0.087
2023-02-25,Product B,60,40,23,4,260.2,0.051
2023-02-25,Product C,29,60,32,5,196.63,0.031
2023-02-25,Product D,23,90,48,7,251.39,0.016
2023-02-26,Product A,84,25,13,3,290.77,0.088
2023-02-26,Product B,54,40,23,4,300.94,0.056
2023-02-26,Product C,27,60,32,5,251.68,0.017
2023-02-26,Product D,16,90,48,7,234.95,0.014
2023-02-27,Product A,99,25,13,3,309.76,0.087
2023-02-27,Product B,62,40,23,4,216.88,0.035
2023-02-27,Product C,31,60,32,5,315.83,0.029
2023-02-27,Product D,21,90,48,7,229.81,0.01
2023-02-28,Product A,94,25,13,3,350.39,0.056
2023-02-28,Product B,57,40,23,4,285.23,0.055
2023-02-28,Product C,32,60,32,5,214.93,0.03
2023-02-28,Product D,22,90,48,7,198.27,0.024
2023-03-01,Product A,64,25,13,3,394.87,0.07
2023-03-01,Product B,52,40,23,4,397.92,0.031
2023-03-01,Product C,34,60,32,5,263.92,0.021
2023-03-01,Product D,20,90,48,7,218.2,0.013
2023-03-02,Product A,80,25,13,3,432.47,0.089
2023-03-02,Product B,62,40,23,4,304.48,0.043
2023-03-02,Product C,35,60,32,5,267.79,0.029
2023-03-02,Product D,20,90,48,7,250.18,0.025
2023-03-03,Product A,99,25,13,3,380.79,0.08
2023-03-03,Product B,64,40,23,4,353.51,0.042
2023-03-03,Product C,29,60,32,5,268.53,0.016
2023-03-03,Product D,19,90,48,7,187.1,0.024
2023-03-04,Product A,85,25,13,3,229.77,0.064
2023-03-04,Product B,62,40,23,4,309.19,0.05
2023-03-04,Product C,35,60,32,5,370.39,0.021
2023-03-04,Product D,20,90,48,7,259.24,0.014
2023-03-05,Product A,84,25,13,3,359.31,0.064
2023-03-05,Product B,58,40,23,4,309.68,0.059
2023-03-05,Product C,22,60,32,5,297.05,0.034
2023-03-05,Product D,25,90,48,7,262.14,0.018
2023-03-06,Product A,71,25,13,3,212.23,0.081
2023-03-06,Product B,59,40,23,4,243.06,0.05
2023-03-06,Product C,34,60,32,5,305.02,0.033
2023-03-06,Product D,27,90,48,7,184.92,0.016
2023-03-07,Product A,85,25,13,3,290.34,0.05
2023-03-07,Product B,67,40,23,4,355.72,0.059
2023-03-07,Product C,36,60,32,5,237.06,0.015
2023-03-07,Product D,26,90,48,7,228.54,0.015
2023-03-08,Product A,87,25,13,3,251.41,0.089
2023-03-08,Product B,62,40,23,4,284.11,0.034
2023-03-08,Product C,40,60,32,5,209.7,0.029
2023-03-08,Product D,23,90,48,7,226.47,0.014
2023-03-09,Product A,86,25,13,3,432.37,0.052
2023-03-09,Product B,58,40,23,4,329.43,0.048
2023-03-09,Product C,35,60,32,5,279.51,0.028
2023-03-09,Product D,21,90,48,7,219.98,0.013
2023-03-10,Product A,74,25,13,3,386.27,0.067
2023-03-10,Product B,63,40,23,4,267.62,0.031
2023-03-10,Product C,39,60,32,5,300.3,0.028
2023-03-10,Product D,24,90,48,7,244.02,0.019
2023-03-11,Product A,108,25,13,3,356.26,0.081
2023-03-11,Product B,68,40,23,4,318.18,0.032
2023-03-11,Product C,21,60,32,5,276.17,0.018
2023-03-11,Product D,19,90,48,7,217.15,0.016
2023-03-12,Product A,81,25,13,3,352.05,0.08
2023-03-12,Product B,51,40,23,4,250.94,0.057
2023-03-12,Product C,30,60,32,5,299.15,0.031
2023-03-12,Product D,19,90,48,7,185.07,0.018
2023-03-13,Product A,96,25,13,3,339.01,0.087
2023-03-13,Product B,76,40,23,4,269.14,0.059
2023-03-13,Product C,35,60,32,5,286.75,0.023
2023-03-13,Product D,21,90,48,7,240.13,0.018
2023-03-14,Product A,97,25,13,3,375.26,0.055
2023-03-14,Product B,70,40,23,4,280.4,0.049
2023-03-14,Product C,31,60,32,5,276.35,0.03
2023-03-14,Product D,18,90,48,7,263.25,0.02
2023-03-15,Product A,103,25,13,3,436.91,0.061
2023-03-15,Product B,63,40,23,4,262.08,0.051
2023-03-15,Product C,26,60,32,5,202.01,0.027
2023-03-15,Product D,19,90,48,7,266.92,0.024
2023-03-16,Product A,99,25,13,3,281.1,0.074
2023-03-16,Product B,54,40,23,4,317.03,0.05
2023-03-16,Product C,26,60,32,5,257.51,0.035
2023-03-16,Product D,21,90,48,7,207.07,0.017
2023-03-17,Product A,110,25,13,3,432.89,0.058
2023-03-17,Product B,64,40,23,4,265.47,0.044
2023-03-17,Product C,31,60,32,5,278.88,0.03
2023-03-17,Product D,24,90,48,7,212.67,0.016
2023-03-18,Product A,93,25,13,3,393.29,0.078
2023-03-18,Product B,67,40,23,4,342.98,0.045
2023-03-18,Product C,31,60,32,5,292.53,0.028
2023-03-18,Product D,21,90,48,7,198.57,0.018
2023-03-19,Product A,74,25,13,3,270.65,0.088
2023-03-19,Product B,59,40,23,4,257.43,0.056
2023-03-19,Product C,35,60,32,5,214.76,0.02
2023-03-19,Product D,19,90,48,7,221.92,0.023
2023-03-20,Product A,81,25,13,3,274.49,0.06
2023-03-20,Product B,65,40,23,4,404.42,0.051
2023-03-20,Product C,22,60,32,5,296.97,0.022
2023-03-20,Product D,22,90,48,7,211.79,0.01
2023-03-21,Product A,121,25,13,3,283.28,0.083
2023-03-21,Product B,76,40,23,4,268.72,0.056
2023-03-21,Product C,39,60,32,5,262.32,0.028
2023-03-21,Product D,15,90,48,7,241.69,0.011
2023-03-22,Product A,83,25,13,3,217.67,0.069
2023-03-22,Product B,52,40,23,4,304.1,0.053
2023-03-22,Product C,35,60,32,5,287.92,0.033
2023-03-22,Product D,21,90,48,7,252.95,0.021
2023-03-23,Product A,80,25,13,3,310.87,0.086
2023-03-23,Product B,50,40,23,4,375.96,0.038
2023-03-23,Product C,34,60,32,5,224.2,0.02
2023-03-23,Product D,19,90,48,7,240.37,0.016
2023-03-24,Product A,95,25,13,3,256.11,0.086
2023-03-24,Product B,60,40,23,4,315.81,0.033
2023-03-24,Product C,37,60,32,5,250.24,0.021
2023-03-24,Product D,22,90,48,7,258.18,0.019
2023-03-25,Product A,92,25,13,3,351.43,0.059
2023-03-25,Product B,75,40,23,4,195.0,0.032
2023-03-25,Product C,29,60,32,5,260.15,0.028
2023-03-25,Product D,26,90,48,7,201.42,0.022
2023-03-26,Product A,109,25,13,3,401.24,0.07
2023-03-26,Product B,67,40,23,4,289.78,0.032
2023-03-26,Product C,35,60,32,5,284.91,0.035
2023-03-26,Product D,20,90,48,7,235.92,0.011
2023-03-27,Product A,88,25,13,3,305.21,0.057
2023-03-27,Product B,60,40,23,4,323.97,0.039
2023-03-27,Product C,30,60,32,5,267.26,0.032
2023-03-27,Product D,21,90,48,7,157.49,0.018
2023-03-28,Product A,95,25,13,3,289.76,0.062
2023-03-28,Product B,56,40,23,4,283.94,0.056
2023-03-28,Product C,33,60,32,5,203.79,0.022
2023-03-28,Product D,27,90,48,7,210.41,0.013
2023-03-29,Product A,114,25,13,3,447.56,0.065
2023-03-29,Product B,50,40,23,4,258.14,0.039
2023-03-29,Product C,29,60,32,5,239.47,0.031
2023-03-29,Product D,22,90,48,7,209.23,0.023
2023-03-30,Product A,98,25,13,3,423.74,0.054
2023-03-30,Product B,58,40,23,4,266.61,0.044
2023-03-30,Product C,22,60,32,5,315.53,0.022
2023-03-30,Product D,24,90,48,7,357.42,0.017
2023-03-31,Product A,88,25,13,3,367.24,0.074
2023-03-31,Product B,65,40,23,4,362.86,0.037
2023-03-31,Product C,33,60,32,5,311.83,0.034
2023-03-31,Product D,25,90,48,7,254.49,0.023
2023-04-01,Product A,81,25,13,3,407.32,0.068
2023-04-01,Product B,61,40,23,4,290.47,0.059
2023-04-01,Product C,33,60,32,5,291.1,0.03
2023-04-01,Product D,27,90,48,7,211.72,0.02
2023-04-02,Product A,82,25,13,3,313.48,0.055
2023-04-02,Product B,61,40,23,4,296.57,0.033
2023-04-02,Product C,40,60,32,5,267.99,0.023
2023-04-02,Product D,26,90,48,7,304.41,0.011
2023-04-03,Product A,110,25,13,3,386.13,0.057
2023-04-03,Product B,64,40,23,4,256.98,0.048
2023-04-03,Product C,39,60,32,5,313.03,0.019
2023-04-03,Product D,18,90,48,7,239.31,0.016
2023-04-04,Product A,69,25,13,3,326.69,0.069
2023-04-04,Product B,63,40,23,4,322.34,0.033
2023-04-04,Product C,32,60,32,5,178.0,0.022
2023-04-04,Product D,22,90,48,7,190.01,0.013
2023-04-05,Product A,96,25,13,3,330.03,0.07
2023-04-05,Product B,66,40,23,4,334.64,0.046
2023-04-05,Product C,38,60,32,5,250.06,0.033
2023-04-05,Product D,23,90,48,7,225.03,0.014
2023-04-06,Product A,91,25,13,3,375.18,0.088
2023-04-06,Product B,68,40,23,4,353.53,0.035
2023-04-06,Product C,36,60,32,5,248.67,0.017
2023-04-06,Product D,19,90,48,7,198.57,0.012
2023-04-07,Product A,98,25,13,3,328.52,0.051
2023-04-07,Product B,74,40,23,4,298.12,0.046
2023-04-07,Product C,36,60,32,5,174.91,0.019
2023-04-07,Product D,21,90,48,7,207.08,0.011
2023-04-08,Product A,58,25,13,3,327.51,0.073
2023-04-08,Product B,64,40,23,4,265.27,0.032
2023-04-08,Product C,30,60,32,5,291.04,0.028
2023-04-08,Product D,20,90,48,7,208.42,0.014
2023-04-09,Product A,103,25,13,3,459.78,0.066
2023-04-09,Product B,58,40,23,4,321.87,0.047
2023-04-09,Product C,30,60,32,5,293.21,0.027
2023-04-09,Product D,24,90,48,7,201.64,0.013
2023-04-10,Product A,109,25,13,3,391.71,0.069
2023-04-10,Product B,74,40,23,4,395.57,0.05
2023-04-10,Product C,35,60,32,5,374.74,0.018
2023-04-10,Product D,26,90,48,7,230.44,0.024
2023-04-11,Product A,82,25,13,3,307.27,0.079
2023-04-11,Product B,64,40,23,4,281.1,0.042
2023-04-11,Product C,30,60,32,5,265.37,0.026
2023-04-11,Product D,24,90,48,7,212.59,0.025
2023-04-12,Product A,110,25,13,3,200.73,0.066
2023-04-12,Product B,55,40,23,4,253.1,0.051
2023-04-12,Product C,42,60,32,5,277.98,0.018
2023-04-12,Product D,20,90,48,7,301.2,0.019
2023-04-13,Product A,75,25,13,3,365.48,0.078
2023-04-13,Product B,59,40,23,4,328.7,0.036
2023-04-13,Product C,38,60,32,5,309.2,0.023
2023-04-13,Product D,28,90,48,7,222.7,0.018
2023-04-14,Product A,99,25,13,3,291.22,0.076
2023-04-14,Product B,53,40,23,4,306.55,0.047
2023-04-14,Product C,33,60,32,5,230.87,0.022
2023-04-14,Product D,27,90,48,7,224.87,0.012
2023-04-15,Product A,117,25,13,3,266.84,0.083
2023-04-15,Product B,61,40,23,4,173.39,0.044
2023-04-15,Product C,32,60,32,5,226.72,0.023
2023-04-15,Product D,23,90,48,7,234.64,0.018
2023-04-16,Product A,99,25,13,3,416.08,0.072
2023-04-16,Product B,63,40,23,4,314.64,0.046
2023-04-16,Product C,34,60,32,5,243.46,0.025
2023-04-16,Product D,19,90,48,7,178.99,0.018
2023-04-17,Product A,96,25,13,3,411.41,0.088
2023-04-17,Product B,65,40,23,4,295.96,0.041
2023-04-17,Product C,39,60,32,5,315.45,0.022
2023-04-17,Product D,15,90,48,7,164.08,0.022
2023-04-18,Product A,100,25,13,3,466.11,0.064
2023-04-18,Product B,61,40,23,4,302.56,0.059
2023-04-18,Product C,40,60,32,5,190.09,0.029
2023-04-18,Product D,24,90,48,7,132.74,0.016
2023-04-19,Product A,87,25,13,3,279.57,0.074
2023-04-19,Product B,56,40,23,4,379.72,0.041
2023-04-19,Product C,39,60,32,5,272.53,0.02
2023-04-19,Product D,27,90,48,7,218.87,0.024
2023-04-20,Product A,93,25,13,3,272.05,0.071
2023-04-20,Product B,74,40,23,4,353.72,0.043
2023-04-20,Product C,29,60,32,5,234.47,0.024
2023-04-20,Product D,20,90,48,7,187.87,0.02
2023-04-21,Product A,107,25,13,3,386.25,0.087
2023-04-21,Product B,74,40,23,4,288.63,0.056
2023-04-21,Product C,39,60,32,5,303.28,0.034
2023-04-21,Product D,22,90,48,7,210.05,0.013
2023-04-22,Product A,71,25,13,3,352.82,0.066
2023-04-22,Product B,71,40,23,4,337.21,0.035
2023-04-22,Product C,33,60,32,5,258.6,0.021
2023-04-22,Product D,20,90,48,7,191.1,0.018
2023-04-23,Product A,96,25,13,3,482.75,0.055
2023-04-23,Product B,67,40,23,4,329.52,0.034
2023-04-23,Product C,30,60,32,5,262.91,0.023
2023-04-23,Product D,23,90,48,7,190.23,0.022
2023-04-24,Product A,101,25,13,3,400.37,0.079
2023-04-24,Product B,62,40,23,4,372.63,0.039
2023-04-24,Product C,37,60,32,5,207.37,0.025
2023-04-24,Product D,17,90,48,7,279.61,0.013
2023-04-25,Product A,101,25,13,3,414.19,0.071
2023-04-25,Product B,58,40,23,4,293.9,0.043
2023-04-25,Product C,32,60,32,5,266.72,0.022
2023-04-25,Product D,23,90,48,7,204.31,0.018
2023-04-26,Product A,98,25,13,3,348.66,0.072
2023-04-26,Product B,72,40,23,4,365.18,0.055
2023-04-26,Product C,32,60,32,5,278.86,0.025
2023-04-26,Product D,20,90,48,7,178.97,0.02
2023-04-27,Product A,97,25,13,3,428.2,0.051
2023-04-27,Product B,63,40,23,4,310.6,0.042
2023-04-27,Product C,31,60,32,5,181.26,0.026
2023-04-27,Product D,26,90,48,7,215.67,0.012
2023-04-28,Product A,90,25,13,3,366.16,0.075
2023-04-28,Product B,75,40,23,4,324.05,0.049
2023-04-28,Product C,41,60,32,5,247.59,0.027
2023-04-28,Product D,21,90,48,7,169.84,0.023
2023-04-29,Product A,111,25,13,3,283.57,0.065
2023-04-29,Product B,70,40,23,4,289.22,0.035
2023-04-29,Product C,37,60,32,5,299.84,0.022
2023-04-29,Product D,24,90,48,7,228.51,0.013
2023-04-30,Product A,99,25,13,3,360.53,0.07
2023-04-30,Product B,70,40,23,4,329.13,0.041
2023-04-30,Product C,42,60,32,5,275.19,0.024
2023-04-30,Product D,23,90,48,7,194.21,0.021
2023-05-01,Product A,78,25,13,3,344.49,0.071
2023-05-01,Product B,65,40,23,4,283.18,0.035
2023-05-01,Product C,39,60,32,5,275.53,0.017
2023-05-01,Product D,20,90,48,7,136.34,0.011
2023-05-02,Product A,102,25,13,3,375.69,0.071
2023-05-02,Product B,59,40,23,4,288.02,0.043
2023-05-02,Product C,36,60,32,5,274.52,0.018
2023-05-02,Product D,18,90,48,7,226.71,0.02
2023-05-03,Product A,112,25,13,3,448.44,0.058
2023-05-03,Product B,49,40,23,4,261.27,0.04
2023-05-03,Product C,26,60,32,5,247.19,0.034
2023-05-03,Product D,25,90,48,7,197.95,0.014
2023-05-04,Product A,96,25,13,3,265.67,0.084
2023-05-04,Product B,61,40,23,4,228.82,0.033
2023-05-04,Product C,43,60,32,5,203.35,0.021
2023-05-04,Product D,15,90,48,7,246.81,0.023
2023-05-05,Product A,104,25,13,3,518.88,0.077
2023-05-05,Product B,67,40,23,4,322.43,0.057
2023-05-05,Product C,31,60,32,5,271.89,0.024
2023-05-05,Product D,27,90,48,7,149.74,0.012
2023-05-06,Product A,104,25,13,3,308.11,0.085
2023-05-06,Product B,64,40,23,4,280.63,0.038
2023-05-06,Product C,38,60,32,5,262.89,0.028
2023-05-06,Product D,21,90,48,7,267.48,0.013
2023-05-07,Product A,110,25,13,3,303.36,0.059
2023-05-07,Product B,63,40,23,4,248.01,0.057
2023-05-07,Product C,32,60,32,5,326.25,0.016
2023-05-07,Product D,24,90,48,7,220.15,0.023
2023-05-08,Product A,78,25,13,3,192.16,0.085
2023-05-08,Product B,68,40,23,4,289.14,0.032
2023-05-08,Product C,35,60,32,5,291.75,0.024
2023-05-08,Product D,23,90,48,7,237.2,0.023
2023-05-09,Product A,118,25,13,3,329.43,0.052
2023-05-09,Product B,61,40,23,4,264.2,0.03
2023-05-09,Product C,42,60,32,5,240.16,0.025
2023-05-09,Product D,19,90,48,7,186.06,0.019
2023-05-10,Product A,103,25,13,3,178.72,0.089
2023-05-10,Product B,62,40,23,4,327.92,0.06
2023-05-10,Product C,25,60,32,5,307.14,0.025
2023-05-10,Product D,25,90,48,7,237.66,0.022
2023-05-11,Product A,114,25,13,3,345.31,0.059
2023-05-11,Product B,72,40,23,4,409.81,0.056
2023-05-11,Product C,37,60,32,5,316.98,0.02
2023-05-11,Product D,21,90,48,7,237.27,0.014
2023-05-12,Product A,95,25,13,3,318.58,0.058
2023-05-12,Product B,66,40,23,4,224.41,0.033
2023-05-12,Product C,43,60,32,5,242.79,0.016
2023-05-12,Product D,23,90,48,7,224.42,0.016
2023-05-13,Product A,85,25,13,3,392.21,0.053
2023-05-13,Product B,73,40,23,4,319.17,0.039
2023-05-13,Product C,36,60,32,5,216.93,0.024
2023-05-13,Product D,27,90,48,7,226.98,0.014
2023-05-14,Product A,72,25,13,3,330.96,0.071
2023-05-14,Product B,75,40,23,4,271.96,0.044
2023-05-14,Product C,38,60,32,5,247.04,0.032
2023-05-14,Product D,26,90,48,7,221.13,0.014
2023-05-15,Product A,84,25,13,3,358.12,0.054
2023-05-15,Product B,84,40,23,4,309.9,0.042
2023-05-15,Product C,39,60,32,5,238.69,0.02
2023-05-15,Product D,20,90,48,7,257.52,0.025
2023-05-16,Product A,96,25,13,3,400.81,0.068
2023-05-16,Product B,74,40,23,4,330.45,0.059
2023-05-16,Product C,42,60,32,5,297.83,0.016
2023-05-16,Product D,21,90,48,7,200.35,0.023
2023-05-17,Product A,94,25,13,3,380.01,0.052
2023-05-17,Product B,73,40,23,4,304.99,0.036
2023-05-17,Product C,41,60,32,5,271.55,0.016
2023-05-17,Product D,20,90,48,7,260.7,0.012
2023-05-18,Product A,108,25,13,3,375.06,0.075
2023-05-18,Product B,78,40,23,4,337.83,0.031
2023-05-18,Product C,33,60,32,5,196.21,0.018
2023-05-18,Product D,22,90,48,7,278.71,0.016
2023-05-19,Product A,86,25,13,3,268.85,0.086
2023-05-19,Product B,70,40,23,4,296.52,0.039
2023-05-19,Product C,36,60,32,5,273.76,0.018
2023-05-19,Product D,21,90,48,7,292.63,0.014
2023-05-20,Product A,97,25,13,3,316.94,0.077
2023-05-20,Product B,60,40,23,4,268.12,0.041
2023-05-20,Product C,28,60,32,5,283.37,0.028
2023-05-20,Product D,24,90,48,7,209.48,0.014
2023-05-21,Product A,85,25,13,3,453.14,0.09
2023-05-21,Product B,63,40,23,4,300.71,0.054
2023-05-21,Product C,31,60,32,5,293.26,0.032
2023-05-21,Product D,21,90,48,7,182.21,0.018
2023-05-22,Product A,98,25,13,3,359.49,0.085
2023-05-22,Product B,78,40,23,4,287.32,0.052
2023-05-22,Product C,43,60,32,5,247.61,0.029
2023-05-22,Product D,16,90,48,7,264.15,0.022
2023-05-23,Product A,80,25,13,3,317.64,0.058
2023-05-23,Product B,43,40,23,4,158.38,0.044
2023-05-23,Product C,30,60,32,5,250.82,0.028
2023-05-23,Product D,26,90,48,7,191.92,0.012
2023-05-24,Product A,107,25,13,3,340.54,0.089
2023-05-24,Product B,68,40,23,4,247.24,0.05
2023-05-24,Product C,36,60,32,5,232.02,0.023
2023-05-24,Product D,26,90,48,7,238.44,0.019
2023-05-25,Product A,100,25,13,3,321.85,0.066
2023-05-25,Product B,72,40,23,4,298.06,0.056
2023-05-25,Product C,47,60,32,5,264.47,0.024
2023-05-25,Product D,26,90,48,7,220.68,0.013
2023-05-26,Product A,102,25,13,3,407.47,0.082
2023-05-26,Product B,74,40,23,4,285.75,0.033
2023-05-26,Product C,36,60,32,5,271.8,0.028
2023-05-26,Product D,28,90,48,7,228.73,0.021
2023-05-27,Product A,99,25,13,3,291.51,0.084
2023-05-27,Product B,74,40,23,4,314.58,0.047
2023-05-27,Product C,27,60,32,5,244.0,0.021
2023-05-27,Product D,25,90,48,7,245.87,0.014
2023-05-28,Product A,96,25,13,3,254.25,0.064
2023-05-28,Product B,65,40,23,4,287.61,0.057
2023-05-28,Product C,33,60,32,5,269.65,0.028
2023-05-28,Product D,27,90,48,7,241.69,0.014
2023-05-29,Product A,115,25,13,3,310.78,0.075
2023-05-29,Product B,67,40,23,4,323.97,0.058
2023-05-29,Product C,41,60,32,5,254.34,0.02
2023-05-29,Product D,22,90,48,7,201.73,0.018
2023-05-30,Product A,84,25,13,3,363.97,0.055
2023-05-30,Product B,72,40,23,4,348.39,0.058
2023-05-30,Product C,40,60,32,5,324.38,0.02
2023-05-30,Product D,26,90,48,7,219.66,0.022
2023-05-31,Product A,95,25,13,3,288.93,0.058
2023-05-31,Product B,76,40,23,4,366.26,0.035
2023-05-31,Product C,43,60,32,5,272.21,0.029
2023-05-31,Product D,29,90,48,7,143.31,0.013
2023-06-01,Product A,100,25,13,3,423.8,0.053
2023-06-01,Product B,67,40,23,4,233.27,0.047
2023-06-01,Product C,39,60,32,5,302.4,0.034
2023-06-01,Product D,26,90,48,7,259.17,0.022
2023-06-02,Product A,88,25,13,3,224.85,0.064
2023-06-02,Product B,69,40,23,4,292.64,0.031
2023-06-02,Product C,28,60,32,5,282.67,0.026
2023-06-02,Product D,24,90,48,7,204.13,0.02
2023-06-03,Product A,112,25,13,3,379.27,0.05
2023-06-03,Product B,75,40,23,4,402.11,0.044
2023-06-03,Product C,47,60,32,5,242.39,0.034
2023-06-03,Product D,25,90,48,7,303.8,0.019
2023-06-04,Product A,120,25,13,3,372.99,0.08
2023-06-04,Product B,62,40,23,4,298.9,0.056
2023-06-04,Product C,32,60,32,5,260.78,0.019
2023-06-04,Product D,23,90,48,7,276.27,0.014
2023-06-05,Product A,86,25,13,3,336.82,0.085
2023-06-05,Product B,70,40,23,4,306.8,0.031
2023-06-05,Product C,42,60,32,5,280.2,0.024
2023-06-05,Product D,23,90,48,7,207.89,0.014
2023-06-06,Product A,91,25,13,3,354.08,0.079
2023-06-06,Product B,69,40,23,4,304.05,0.03
2023-06-06,Product C,37,60,32,5,236.42,0.034
2023-06-06,Product D,27,90,48,7,196.07,0.01
2023-06-07,Product A,102,25,13,3,355.87,0.07
2023-06-07,Product B,73,40,23,4,267.05,0.06
2023-06-07,Product C,42,60,32,5,264.94,0.024
2023-06-07,Product D,24,90,48,7,219.62,0.017
2023-06-08,Product A,104,25,13,3,225.52,0.065
2023-06-08,Product B,77,40,23,4,243.6,0.041
2023-06-08,Product C,32,60,32,5,260.63,0.022
2023-06-08,Product D,23,90,48,7,280.59,0.022
2023-06-09,Product A,79,25,13,3,324.28,0.055
2023-06-09,Product B,77,40,23,4,341.36,0.034
2023-06-09,Product C,37,60,32,5,280.17,0.025
2023-06-09,Product D,23,90,48,7,182.43,0.02
2023-06-10,Product A,123,25,13,3,380.37,0.076
2023-06-10,Product B,86,40,23,4,257.88,0.057
2023-06-10,Product C,41,60,32,5,238.46,0.018
2023-06-10,Product D,20,90,48,7,192.73,0.021
2023-06-11,Product A,114,25,13,3,317.13,0.076
2023-06-11,Product B,91,40,23,4,236.86,0.037
2023-06-11,Product C,45,60,32,5,314.54,0.023
2023-06-11,Product D,28,90,48,7,246.56,0.013
2023-06-12,Product A,111,25,13,3,383.21,0.059
2023-06-12,Product B,62,40,23,4,361.69,0.033
2023-06-12,Product C,31,60,32,5,281.61,0.02
2023-06-12,Product D,21,90,48,7,219.68,0.016
2023-06-13,Product A,107,25,13,3,245.19,0.09
2023-06-13,Product B,79,40,23,4,259.92,0.056
2023-06-13,Product C,30,60,32,5,326.99,0.03
2023-06-13,Product D,18,90,48,7,251.32,0.014
2023-06-14,Product A,101,25,13,3,356.85,0.067
2023-06-14,Product B,57,40,23,4,243.72,0.058
2023-06-14,Product C,49,60,32,5,237.71,0.034
2023-06-14,Product D,23,90,48,7,167.06,0.013
2023-06-15,Product A,86,25,13,3,219.32,0.051
2023-06-15,Product B,71,40,23,4,336.65,0.035
2023-06-15,Product C,34,60,32,5,306.01,0.03
2023-06-15,Product D,28,90,48,7,150.84,0.015
2023-06-16,Product A,102,25,13,3,278.58,0.07
2023-06-16,Product B,75,40,23,4,211.3,0.049
2023-06-16,Product C,41,60,32,5,307.36,0.021
2023-06-16,Product D,25,90,48,7,281.89,0.018
2023-06-17,Product A,96,25,13,3,356.65,0.063
2023-06-17,Product B,81,40,23,4,332.98,0.039
2023-06-17,Product C,36,60,32,5,275.27,0.03
2023-06-17,Product D,24,90,48,7,258.46,0.024
2023-06-18,Product A,73,25,13,3,394.71,0.084
2023-06-18,Product B,67,40,23,4,236.22,0.043
2023-06-18,Product C,39,60,32,5,293.67,0.034
2023-06-18,Product D,18,90,48,7,245.5,0.019
2023-06-19,Product A,108,25,13,3,387.59,0.06
2023-06-19,Product B,65,40,23,4,300.65,0.052
2023-06-19,Product C,37,60,32,5,245.85,0.024
2023-06-19,Product D,28,90,48,7,236.41,0.012
2023-06-20,Product A,100,25,13,3,388.32,0.087
2023-06-20,Product B,79,40,23,4,337.35,0.053
2023-06-20,Product C,38,60,32,5,245.02,0.025
2023-06-20,Product D,19,90,48,7,233.69,0.017
2023-06-21,Product A,117,25,13,3,442.42,0.064
2023-06-21,Product B,73,40,23,4,286.17,0.032
2023-06-21,Product C,37,60,32,5,268.82,0.031
2023-06-21,Product D,24,90,48,7,223.26,0.014
2023-06-22,Product A,107,25,13,3,340.77,0.069
2023-06-22,Product B,74,40,23,4,318.34,0.052
2023-06-22,Product C,47,60,32,5,269.26,0.021
2023-06-22,Product D,24,90,48,7,252.85,0.017
2023-06-23,Product A,92,25,13,3,301.65,0.054
2023-06-23,Product B,65,40,23,4,226.07,0.053
2023-06-23,Product C,30,60,32,5,261.84,0.031
2023-06-23,Product D,34,90,48,7,208.04,0.013
2023-06-24,Product A,96,25,13,3,260.36,0.061
2023-06-24,Product B,69,40,23,4,326.2,0.059
2023-06-24,Product C,38,60,32,5,251.31,0.027
2023-06-24,Product D,23,90,48,7,183.73,0.023
2023-06-25,Product A,108,25,13,3,324.45,0.052
2023-06-25,Product B,55,40,23,4,269.81,0.041
2023-06-25,Product C,38,60,32,5,252.38,0.026
2023-06-25,Product D,24,90,48,7,168.7,0.023
2023-06-26,Product A,98,25,13,3,362.14,0.065
2023-06-26,Product B,60,40,23,4,283.43,0.031
2023-06-26,Product C,34,60,32,5,247.25,0.025
2023-06-26,Product D,25,90,48,7,174.4,0.018
2023-06-27,Product A,88,25,13,3,308.93,0.078
2023-06-27,Product B,76,40,23,4,174.67,0.031
2023-06-27,Product C,41,60,32,5,250.47,0.025
2023-06-27,Product D,31,90,48,7,270.47,0.011
2023-06-28,Product A,74,25,13,3,391.05,0.089
2023-06-28,Product B,69,40,23,4,216.28,0.046
2023-06-28,Product C,33,60,32,5,243.2,0.028
2023-06-28,Product D,30,90,48,7,145.66,0.018
2023-06-29,Product A,92,25,13,3,316.08,0.066
2023-06-29,Product B,63,40,23,4,268.43,0.044
2023-06-29,Product C,35,60,32,5,244.54,0.022
2023-06-29,Product D,26,90,48,7,231.25,0.019
2023-06-30,Product A,86,25,13,3,450.34,0.087
2023-06-30,Product B,68,40,23,4,350.34,0.031
2023-06-30,Product C,38,60,32,5,302.41,0.023
2023-06-30,Product D,24,90,48,7,234.21,0.019
2023-07-01,Product A,111,25,13,3,284.06,0.067
2023-07-01,Product B,72,40,23,4,320.16,0.032
2023-07-01,Product C,46,60,32,5,196.78,0.017
2023-07-01,Product D,32,90,48,7,249.18,0.016
2023-07-02,Product A,105,25,13,3,351.52,0.088
2023-07-02,Product B,78,40,23,4,405.26,0.054
2023-07-02,Product C,40,60,32,5,260.03,0.015
2023-07-02,Product D,19,90,48,7,237.02,0.012
2023-07-03,Product A,128,25,13,3,373.57,0.058
2023-07-03,Product B,72,40,23,4,325.94,0.05
2023-07-03,Product C,34,60,32,5,238.08,0.021
2023-07-03,Product D,28,90,48,7,258.3,0.02
2023-07-04,Product A,102,25,13,3,407.84,0.063
2023-07-04,Product B,69,40,23,4,224.67,0.038
2023-07-04,Product C,32,60,32,5,192.2,0.025
2023-07-04,Product D,28,90,48,7,273.65,0.02
2023-07-05,Product A,100,25,13,3,401.26,0.071
2023-07-05,Product B,80,40,23,4,336.12,0.053
2023-07-05,Product C,43,60,32,5,199.66,0.022
2023-07-05,Product D,27,90,48,7,231.21,0.016
2023-07-06,Product A,101,25,13,3,257.13,0.05
2023-07-06,Product B,72,40,23,4,256.44,0.034
2023-07-06,Product C,40,60,32,5,269.22,0.024
2023-07-06,Product D,27,90,48,7,175.72,0.016
2023-07-07,Product A,114,25,13,3,299.78,0.075
2023-07-07,Product B,73,40,23,4,374.9,0.052
2023-07-07,Product C,35,60,32,5,237.15,0.033
2023-07-07,Product D,29,90,48,7,212.3,0.013
2023-07-08,Product A,127,25,13,3,296.98,0.06
2023-07-08,Product B,75,40,23,4,254.1,0.058
2023-07-08,Product C,33,60,32,5,235.53,0.026
2023-07-08,Product D,25,90,48,7,210.78,0.02
2023-07-09,Product A,116,25,13,3,331.67,0.083
2023-07-09,Product B,66,40,23,4,246.18,0.043
2023-07-09,Product C,38,60,32,5,216.11,0.028
2023-07-09,Product D,31,90,48,7,224.41,0.016
2023-07-10,Product A,94,25,13,3,251.52,0.07
2023-07-10,Product B,83,40,23,4,283.61,0.054
2023-07-10,Product C,40,60,32,5,160.49,0.015
2023-07-10,Product D,29,90,48,7,187.13,0.011
2023-07-11,Product A,98,25,13,3,379.87,0.061
2023-07-11,Product B,80,40,23,4,189.74,0.035
2023-07-11,Product C,45,60,32,5,272.33,0.028
2023-07-11,Product D,26,90,48,7,182.13,0.01
2023-07-12,Product A,116,25,13,3,338.99,0.079
2023-07-12,Product B,74,40,23,4,334.94,0.044
2023-07-12,Product C,34,60,32,5,214.64,0.033
2023-07-12,Product D,24,90,48,7,254.25,0.011
2023-07-13,Product A,103,25,13,3,422.73,0.069
2023-07-13,Product B,78,40,23,4,299.62,0.042
2023-07-13,Product C,45,60,32,5,205.67,0.02
2023-07-13,Product D,25,90,48,7,216.02,0.012
2023-07-14,Product A,104,25,13,3,340.1,0.063
2023-07-14,Product B,83,40,23,4,336.72,0.047
2023-07-14,Product C,43,60,32,5,287.33,0.021
2023-07-14,Product D,31,90,48,7,264.6,0.023
2023-07-15,Product A,103,25,13,3,415.91,0.053
2023-07-15,Product B,73,40,23,4,293.67,0.045
2023-07-15,Product C,31,60,32,5,233.41,0.021
2023-07-15,Product D,28,90,48,7,237.65,0.016
2023-07-16,Product A,100,25,13,3,360.92,0.055
2023-07-16,Product B,75,40,23,4,288.55,0.055
2023-07-16,Product C,37,60,32,5,320.03,0.023
2023-07-16,Product D,25,90,48,7,208.58,0.022
2023-07-17,Product A,83,25,13,3,342.3,0.052
2023-07-17,Product B,65,40,23,4,276.94,0.042
2023-07-17,Product C,33,60,32,5,299.84,0.034
2023-07-17,Product D,26,90,48,7,203.1,0.018
2023-07-18,Product A,107,25,13,3,207.16,0.085
2023-07-18,Product B,65,40,23,4,198.62,0.046
2023-07-18,Product C,41,60,32,5,223.73,0.029
2023-07-18,Product D,28,90,48,7,177.64,0.022
2023-07-19,Product A,119,25,13,3,334.52,0.074
2023-07-19,Product B,84,40,23,4,264.81,0.043
2023-07-19,Product C,38,60,32,5,271.32,0.034
2023-07-19,Product D,26,90,48,7,263.94,0.014
2023-07-20,Product A,95,25,13,3,391.76,0.069
2023-07-20,Product B,51,40,23,4,259.11,0.045
2023-07-20,Product C,38,60,32,5,304.48,0.031
2023-07-20,Product D,30,90,48,7,213.23,0.017
2023-07-21,Product A,132,25,13,3,321.81,0.061
2023-07-21,Product B,65,40,23,4,312.25,0.053
2023-07-21,Product C,36,60,32,5,212.89,0.018
2023-07-21,Product D,24,90,48,7,222.05,0.017
2023-07-22,Product A,97,25,13,3,361.27,0.074
2023-07-22,Product B,81,40,23,4,299.91,0.036
2023-07-22,Product C,29,60,32,5,258.43,0.031
2023-07-22,Product D,20,90,48,7,236.0,0.015
2023-07-23,Product A,97,25,13,3,326.38,0.076
2023-07-23,Product B,73,40,23,4,389.92,0.056
2023-07-23,Product C,36,60,32,5,332.67,0.034
2023-07-23,Product D,31,90,48,7,125.24,0.014
2023-07-24,Product A,92,25,13,3,337.1,0.076
2023-07-24,Product B,68,40,23,4,338.85,0.035
2023-07-24,Product C,43,60,32,5,265.73,0.021
2023-07-24,Product D,24,90,48,7,236.33,0.02
2023-07-25,Product A,93,25,13,3,300.57,0.056
2023-07-25,Product B,62,40,23,4,285.48,0.031
2023-07-25,Product C,31,60,32,5,256.76,0.023
2023-07-25,Product D,29,90,48,7,212.18,0.016
2023-07-26,Product A,127,25,13,3,296.97,0.057
2023-07-26,Product B,78,40,23,4,248.6,0.042
2023-07-26,Product C,36,60,32,5,252.82,0.024
2023-07-26,Product D,24,90,48,7,225.53,0.024
2023-07-27,Product A,111,25,13,3,450.04,0.067
2023-07-27,Product B,76,40,23,4,241.59,0.056
2023-07-27,Product C,45,60,32,5,249.38,0.028
2023-07-27,Product D,25,90,48,7,198.75,0.019
2023-07-28,Product A,104,25,13,3,423.84,0.068
2023-07-28,Product B,87,40,23,4,234.76,0.043
2023-07-28,Product C,31,60,32,5,238.26,0.02
2023-07-28,Product D,32,90,48,7,204.75,0.012
2023-07-29,Product A,112,25,13,3,279.4,0.059
2023-07-29,Product B,72,40,23,4,321.86,0.047
2023-07-29,Product C,35,60,32,5,190.97,0.031
2023-07-29,Product D,32,90,48,7,228.99,0.021
2023-07-30,Product A,101,25,13,3,270.66,0.064
2023-07-30,Product B,70,40,23,4,218.63,0.032
2023-07-30,Product C,33,60,32,5,256.13,0.017
2023-07-30,Product D,37,90,48,7,201.14,0.015
2023-07-31,Product A,107,25,13,3,261.53,0.082
2023-07-31,Product B,70,40,23,4,255.47,0.034
2023-07-31,Product C,37,60,32,5,208.56,0.017
2023-07-31,Product D,34,90,48,7,173.75,0.017
2023-08-01,Product A,98,25,13,3,401.19,0.067
2023-08-01,Product B,78,40,23,4,234.94,0.051
2023-08-01,Product C,32,60,32,5,288.1,0.022
2023-08-01,Product D,30,90,48,7,223.4,0.023
2023-08-02,Product A,114,25,13,3,329.47,0.087
2023-08-02,Product B,73,40,23,4,297.42,0.055
2023-08-02,Product C,47,60,32,5,312.38,0.027
2023-08-02,Product D,25,90,48,7,253.68,0.011
2023-08-03,Product A,117,25,13,3,318.36,0.053
2023-08-03,Product B,59,40,23,4,338.85,0.049
2023-08-03,Product C,44,60,32,5,276.19,0.024
2023-08-03,Product D,24,90,48,7,233.98,0.012
2023-08-04,Product A,92,25,13,3,318.09,0.054
2023-08-04,Product B,84,40,23,4,260.87,0.058
2023-08-04,Product C,44,60,32,5,256.29,0.027
2023-08-04,Product D,23,90,48,7,219.04,0.021
2023-08-05,Product A,100,25,13,3,357.03,0.067
2023-08-05,Product B,73,40,23,4,359.0,0.047
2023-08-05,Product C,43,60,32,5,309.74,0.021
2023-08-05,Product D,25,90,48,7,278.7,0.019
2023-08-06,Product A,141,25,13,3,346.18,0.054
2023-08-06,Product B,73,40,23,4,280.62,0.041
2023-08-06,Product C,46,60,32,5,242.66,0.03
2023-08-06,Product D,26,90,48,7,218.44,0.018
2023-08-07,Product A,111,25,13,3,428.59,0.084
2023-08-07,Product B,75,40,23,4,367.65,0.045
2023-08-07,Product C,42,60,32,5,153.93,0.029
2023-08-07,Product D,25,90,48,7,192.87,0.025
2023-08-08,Product A,115,25,13,3,269.63,0.071
2023-08-08,Product B,74,40,23,4,330.18,0.051
2023-08-08,Product C,42,60,32,5,222.76,0.022
2023-08-08,Product D,29,90,48,7,254.69,0.024
2023-08-09,Product A,130,25,13,3,261.25,0.071
2023-08-09,Product B,68,40,23,4,357.73,0.036
2023-08-09,Product C,38,60,32,5,190.43,0.018
2023-08-09,Product D,20,90,48,7,243.18,0.02
2023-08-10,Product A,101,25,13,3,427.18,0.061
2023-08-10,Product B,67,40,23,4,267.84,0.03
2023-08-10,Product C,42,60,32,5,298.67,0.027
2023-08-10,Product D,32,90,48,7,267.58,0.016
2023-08-11,Product A,120,25,13,3,354.71,0.086
2023-08-11,Product B,77,40,23,4,264.8,0.044
2023-08-11,Product C,49,60,32,5,217.74,0.025
2023-08-11,Product D,30,90,48,7,205.34,0.015
2023-08-12,Product A,101,25,13,3,319.1,0.077
2023-08-12,Product B,50,40,23,4,251.39,0.046
2023-08-12,Product C,36,60,32,5,187.63,0.032
2023-08-12,Product D,27,90,48,7,203.42,0.018
2023-08-13,Product A,112,25,13,3,368.08,0.08
2023-08-13,Product B,85,40,23,4,249.1,0.041
2023-08-13,Product C,38,60,32,5,294.56,0.019
2023-08-13,Product D,26,90,48,7,200.57,0.021
2023-08-14,Product A,94,25,13,3,319.67,0.077
2023-08-14,Product B,59,40,23,4,319.85,0.04
2023-08-14,Product C,39,60,32,5,293.33,0.021
2023-08-14,Product D,27,90,48,7,267.79,0.023
2023-08-15,Product A,108,25,13,3,338.95,0.05
2023-08-15,Product B,81,40,23,4,304.87,0.046
2023-08-15,Product C,44,60,32,5,250.08,0.026
2023-08-15,Product D,27,90,48,7,165.51,0.02
2023-08-16,Product A,104,25,13,3,367.64,0.071
2023-08-16,Product B,81,40,23,4,375.14,0.055
2023-08-16,Product C,36,60,32,5,218.0,0.018
2023-08-16,Product D,29,90,48,7,218.88,0.015
2023-08-17,Product A,135,25,13,3,298.37,0.065
2023-08-17,Product B,81,40,23,4,386.52,0.051
2023-08-17,Product C,38,60,32,5,234.9,0.015
2023-08-17,Product D,28,90,48,7,220.06,0.017
2023-08-18,Product A,77,25,13,3,339.22,0.065
2023-08-18,Product B,76,40,23,4,275.05,0.051
2023-08-18,Product C,49,60,32,5,286.8,0.016
2023-08-18,Product D,22,90,48,7,148.27,0.019
2023-08-19,Product A,104,25,13,3,285.46,0.056
2023-08-19,Product B,73,40,23,4,367.46,0.045
2023-08-19,Product C,43,60,32,5,213.83,0.023
2023-08-19,Product D,28,90,48,7,250.55,0.018
2023-08-20,Product A,106,25,13,3,276.5,0.08
2023-08-20,Product B,76,40,23,4,298.46,0.053
2023-08-20,Product C,46,60,32,5,314.57,0.033
2023-08-20,Product D,25,90,48,7,241.28,0.021
2023-08-21,Product A,92,25,13,3,286.85,0.056
2023-08-21,Product B,72,40,23,4,268.13,0.045
2023-08-21,Product C,48,60,32,5,319.8,0.02
2023-08-21,Product D,28,90,48,7,237.22,0.011
2023-08-22,Product A,123,25,13,3,298.8,0.066
2023-08-22,Product B,72,40,23,4,304.47,0.055
2023-08-22,Product C,37,60,32,5,244.62,0.024
2023-08-22,Product D,29,90,48,7,224.97,0.022
2023-08-23,Product A,98,25,13,3,320.96,0.058
2023-08-23,Product B,59,40,23,4,119.95,0.052
2023-08-23,Product C,46,60,32,5,281.72,0.024
2023-08-23,Product D,27,90,48,7,170.69,0.02
2023-08-24,Product A,122,25,13,3,283.2,0.07
2023-08-24,Product B,74,40,23,4,233.34,0.053
2023-08-24,Product C,38,60,32,5,210.57,0.023
2023-08-24,Product D,32,90,48,7,225.83,0.013
2023-08-25,Product A,106,25,13,3,350.11,0.087
2023-08-25,Product B,80,40,23,4,329.97,0.054
2023-08-25,Product C,41,60,32,5,231.01,0.022
2023-08-25,Product D,28,90,48,7,241.26,0.018
2023-08-26,Product A,119,25,13,3,419.99,0.079
2023-08-26,Product B,80,40,23,4,249.06,0.041
2023-08-26,Product C,42,60,32,5,234.49,0.022
2023-08-26,Product D,31,90,48,7,208.81,0.018
2023-08-27,Product A,101,25,13,3,309.21,0.079
2023-08-27,Product B,72,40,23,4,291.1,0.054
2023-08-27,Product C,39,60,32,5,294.13,0.032
2023-08-27,Product D,28,90,48,7,179.76,0.01
2023-08-28,Product A,119,25,13,3,333.78,0.055
2023-08-28,Product B,76,40,23,4,280.24,0.033
2023-08-28,Product C,39,60,32,5,247.7,0.015
2023-08-28,Product D,29,90,48,7,188.99,0.02
2023-08-29,Product A,95,25,13,3,311.43,0.077
2023-08-29,Product B,83,40,23,4,254.9,0.033
2023-08-29,Product C,36,60,32,5,257.72,0.021
2023-08-29,Product D,29,90,48,7,184.56,0.015
2023-08-30,Product A,128,25,13,3,342.76,0.057
2023-08-30,Product B,67,40,23,4,286.08,0.052
2023-08-30,Product C,40,60,32,5,241.71,0.028
2023-08-30,Product D,29,90,48,7,241.03,0.012
2023-08-31,Product A,116,25,13,3,260.92,0.086
2023-08-31,Product B,88,40,23,4,285.77,0.031
2023-08-31,Product C,43,60,32,5,292.22,0.028
2023-08-31,Product D,28,90,48,7,293.48,0.019
2023-09-01,Product A,104,25,13,3,448.22,0.065
2023-09-01,Product B,73,40,23,4,332.23,0.049
2023-09-01,Product C,37,60,32,5,191.37,0.029
2023-09-01,Product D,26,90,48,7,207.68,0.021
2023-09-02,Product A,127,25,13,3,348.54,0.052
2023-09-02,Product B,95,40,23,4,403.89,0.042
2023-09-02,Product C,42,60,32,5,301.24,0.031
2023-09-02,Product D,29,90,48,7,254.22,0.012
2023-09-03,Product A,90,25,13,3,292.96,0.071
2023-09-03,Product B,77,40,23,4,375.1,0.044
2023-09-03,Product C,41,60,32,5,252.67,0.02
2023-09-03,Product D,31,90,48,7,195.27,0.015
2023-09-04,Product A,107,25,13,3,320.65,0.089
2023-09-04,Product B,75,40,23,4,307.53,0.033
2023-09-04,Product C,42,60,32,5,286.99,0.032
2023-09-04,Product D,25,90,48,7,259.84,0.013
2023-09-05,Product A,89,25,13,3,333.97,0.052
2023-09-05,Product B,84,40,23,4,431.83,0.058
2023-09-05,Product C,31,60,32,5,185.0,0.033
2023-09-05,Product D,22,90,48,7,152.38,0.022
2023-09-06,Product A,102,25,13,3,340.42,0.063
2023-09-06,Product B,77,40,23,4,344.26,0.037
2023-09-06,Product C,43,60,32,5,255.1,0.034
2023-09-06,Product D,30,90,48,7,203.72,0.019
2023-09-07,Product A,116,25,13,3,316.47,0.064
2023-09-07,Product B,65,40,23,4,261.9,0.058
2023-09-07,Product C,50,60,32,5,255.46,0.033
2023-09-07,Product D,32,90,48,7,273.49,0.017
2023-09-08,Product A,113,25,13,3,358.4,0.082
2023-09-08,Product B,83,40,23,4,304.56,0.046
2023-09-08,Product C,52,60,32,5,309.47,0.034
2023-09-08,Product D,25,90,48,7,232.01,0.014
2023-09-09,Product A,107,25,13,3,364.39,0.074
2023-09-09,Product B,67,40,23,4,276.01,0.041
2023-09-09,Product C,33,60,32,5,291.53,0.025
2023-09-09,Product D,25,90,48,7,172.76,0.018
2023-09-10,Product A,108,25,13,3,286.63,0.073
2023-09-10,Product B,89,40,23,4,385.92,0.041
2023-09-10,Product C,39,60,32,5,302.31,0.026
2023-09-10,Product D,27,90,48,7,268.11,0.014
2023-09-11,Product A,115,25,13,3,288.57,0.075
2023-09-11,Product B,96,40,23,4,318.86,0.053
2023-09-11,Product C,46,60,32,5,336.46,0.017
2023-09-11,Product D,27,90,48,7,249.42,0.012
2023-09-12,Product A,89,25,13,3,270.56,0.054
2023-09-12,Product B,92,40,23,4,287.83,0.043
2023-09-12,Product C,47,60,32,5,205.89,0.024
2023-09-12,Product D,27,90,48,7,231.06,0.014
2023-09-13,Product A,119,25,13,3,396.23,0.058
2023-09-13,Product B,71,40,23,4,278.2,0.056
2023-09-13,Product C,41,60,32,5,162.37,0.027
2023-09-13,Product D,27,90,48,7,263.5,0.021
2023-09-14,Product A,107,25,13,3,274.8,0.08
2023-09-14,Product B,75,40,23,4,298.12,0.058
2023-09-14,Product C,52,60,32,5,258.36,0.015
2023-09-14,Product D,31,90,48,7,223.25,0.022
2023-09-15,Product A,117,25,13,3,406.62,0.06
2023-09-15,Product B,78,40,23,4,296.06,0.032
2023-09-15,Product C,43,60,32,5,280.42,0.018
2023-09-15,Product D,32,90,48,7,297.34,0.014
2023-09-16,Product A,103,25,13,3,312.51,0.078
2023-09-16,Product B,78,40,23,4,244.76,0.048
2023-09-16,Product C,42,60,32,5,236.22,0.024
2023-09-16,Product D,26,90,48,7,173.63,0.02
2023-09-17,Product A,121,25,13,3,306.59,0.078
2023-09-17,Product B,74,40,23,4,353.21,0.051
2023-09-17,Product C,47,60,32,5,283.74,0.029
2023-09-17,Product D,30,90,48,7,259.51,0.015
2023-09-18,Product A,93,25,13,3,286.68,0.053
2023-09-18,Product B,75,40,23,4,227.86,0.053
2023-09-18,Product C,45,60,32,5,285.85,0.034
2023-09-18,Product D,24,90,48,7,261.26,0.014
2023-09-19,Product A,121,25,13,3,350.45,0.084
2023-09-19,Product B,96,40,23,4,310.42,0.054
2023-09-19,Product C,39,60,32,5,308.59,0.017
2023-09-19,Product D,29,90,48,7,198.36,0.015
2023-09-20,Product A,137,25,13,3,221.51,0.071
2023-09-20,Product B,65,40,23,4,352.41,0.036
2023-09-20,Product C,54,60,32,5,305.51,0.032
2023-09-20,Product D,33,90,48,7,185.77,0.019
2023-09-21,Product A,105,25,13,3,391.57,0.085
2023-09-21,Product B,80,40,23,4,285.57,0.04
2023-09-21,Product C,45,60,32,5,229.18,0.025
2023-09-21,Product D,29,90,48,7,239.65,0.02
2023-09-22,Product A,110,25,13,3,448.87,0.078
2023-09-22,Product B,67,40,23,4,265.66,0.048
2023-09-22,Product C,41,60,32,5,277.83,0.027
2023-09-22,Product D,23,90,48,7,268.3,0.014
2023-09-23,Product A,121,25,13,3,362.1,0.068
2023-09-23,Product B,86,40,23,4,270.61,0.053
2023-09-23,Product C,44,60,32,5,225.03,0.015
2023-09-23,Product D,27,90,48,7,225.13,0.011
2023-09-24,Product A,118,25,13,3,369.21,0.061
2023-09-24,Product B,86,40,23,4,205.98,0.055
2023-09-24,Product C,49,60,32,5,320.8,0.034
2023-09-24,Product D,31,90,48,7,209.14,0.025
2023-09-25,Product A,123,25,13,3,327.47,0.082
2023-09-25,Product B,81,40,23,4,328.95,0.056
2023-09-25,Product C,41,60,32,5,286.28,0.032
2023-09-25,Product D,24,90,48,7,253.46,0.012
2023-09-26,Product A,123,25,13,3,332.06,0.084
2023-09-26,Product B,76,40,23,4,209.22,0.035
2023-09-26,Product C,39,60,32,5,285.4,0.025
2023-09-26,Product D,22,90,48,7,231.58,0.025
2023-09-27,Product A,112,25,13,3,354.88,0.077
2023-09-27,Product B,90,40,23,4,231.69,0.049
2023-09-27,Product C,41,60,32,5,259.24,0.033
2023-09-27,Product D,24,90,48,7,209.95,0.011
2023-09-28,Product A,110,25,13,3,390.15,0.053
2023-09-28,Product B,63,40,23,4,209.26,0.043
2023-09-28,Product C,44,60,32,5,205.36,0.02
2023-09-28,Product D,29,90,48,7,197.3,0.023
2023-09-29,Product A,136,25,13,3,375.74,0.086
2023-09-29,Product B,77,40,23,4,402.28,0.036
2023-09-29,Product C,39,60,32,5,229.38,0.02
2023-09-29,Product D,24,90,48,7,235.17,0.015
2023-09-30,Product A,136,25,13,3,373.57,0.067
2023-09-30,Product B,85,40,23,4,308.84,0.059
2023-09-30,Product C,39,60,32,5,253.87,0.034
2023-09-30,Product D,34,90,48,7,226.47,0.018
2023-10-01,Product A,105,25,13,3,317.22,0.065
2023-10-01,Product B,77,40,23,4,288.58,0.034
2023-10-01,Product C,46,60,32,5,319.18,0.023
2023-10-01,Product D,33,90,48,7,267.92,0.017
2023-10-02,Product A,108,25,13,3,313.15,0.061
2023-10-02,Product B,87,40,23,4,305.08,0.038
2023-10-02,Product C,45,60,32,5,213.77,0.019
2023-10-02,Product D,32,90,48,7,185.81,0.015
2023-10-03,Product A,114,25,13,3,389.95,0.088
2023-10-03,Product B,87,40,23,4,266.03,0.049
2023-10-03,Product C,43,60,32,5,259.7,0.019
2023-10-03,Product D,30,90,48,7,251.39,0.019
2023-10-04,Product A,115,25,13,3,329.89,0.075
2023-10-04,Product B,79,40,23,4,260.6,0.036
2023-10-04,Product C,39,60,32,5,288.99,0.026
2023-10-04,Product D,27,90,48,7,161.07,0.014
2023-10-05,Product A,133,25,13,3,325.75,0.061
2023-10-05,Product B,75,40,23,4,364.06,0.035
2023-10-05,Product C,44,60,32,5,300.88,0.029
2023-10-05,Product D,33,90,48,7,238.9,0.012
2023-10-06,Product A,129,25,13,3,330.59,0.083
2023-10-06,Product B,86,40,23,4,228.89,0.059
2023-10-06,Product C,46,60,32,5,340.54,0.023
2023-10-06,Product D,30,90,48,7,247.87,0.021
2023-10-07,Product A,112,25,13,3,247.71,0.076
2023-10-07,Product B,84,40,23,4,276.86,0.05
2023-10-07,Product C,46,60,32,5,257.44,0.025
2023-10-07,Product D,26,90,48,7,206.79,0.022
2023-10-08,Product A,105,25,13,3,322.51,0.058
2023-10-08,Product B,83,40,23,4,296.69,0.031
2023-10-08,Product C,43,60,32,5,187.67,0.027
2023-10-08,Product D,30,90,48,7,203.34,0.016
2023-10-09,Product A,130,25,13,3,239.42,0.084
2023-10-09,Product B,73,40,23,4,360.11,0.031
2023-10-09,Product C,45,60,32,5,198.81,0.025
2023-10-09,Product D,29,90,48,7,215.36,0.019
2023-10-10,Product A,107,25,13,3,277.24,0.054
2023-10-10,Product B,71,40,23,4,216.22,0.042
2023-10-10,Product C,40,60,32,5,249.94,0.018
2023-10-10,Product D,33,90,48,7,152.59,0.02
2023-10-11,Product A,105,25,13,3,411.99,0.05
2023-10-11,Product B,84,40,23,4,305.32,0.045
2023-10-11,Product C,44,60,32,5,273.46,0.02
2023-10-11,Product D,30,90,48,7,182.79,0.018
2023-10-12,Product A,129,25,13,3,406.24,0.067
2023-10-12,Product B,89,40,23,4,295.69,0.042
2023-10-12,Product C,42,60,32,5,195.41,0.033
2023-10-12,Product D,30,90,48,7,250.51,0.011
2023-10-13,Product A,134,25,13,3,337.27,0.074
2023-10-13,Product B,81,40,23,4,291.91,0.032
2023-10-13,Product C,46,60,32,5,279.2,0.031
2023-10-13,Product D,30,90,48,7,269.48,0.019
2023-10-14,Product A,114,25,13,3,430.13,0.057
2023-10-14,Product B,80,40,23,4,248.71,0.032
2023-10-14,Product C,38,60,32,5,274.66,0.031
2023-10-14,Product D,34,90,48,7,244.56,0.025
2023-10-15,Product A,125,25,13,3,321.49,0.05
2023-10-15,Product B,78,40,23,4,390.27,0.042
2023-10-15,Product C,46,60,32,5,224.29,0.016
2023-10-15,Product D,30,90,48,7,224.02,0.023
2023-10-16,Product A,106,25,13,3,313.25,0.054
2023-10-16,Product B,74,40,23,4,294.57,0.038
2023-10-16,Product C,40,60,32,5,190.42,0.017
2023-10-16,Product D,27,90,48,7,234.55,0.022
2023-10-17,Product A,127,25,13,3,353.14,0.088
2023-10-17,Product B,81,40,23,4,237.52,0.059
2023-10-17,Product C,46,60,32,5,239.69,0.033
2023-10-17,Product D,29,90,48,7,229.63,0.017
2023-10-18,Product A,112,25,13,3,366.13,0.061
2023-10-18,Product B,84,40,23,4,383.26,0.047
2023-10-18,Product C,52,60,32,5,289.09,0.018
2023-10-18,Product D,32,90,48,7,172.86,0.019
2023-10-19,Product A,116,25,13,3,325.72,0.061
2023-10-19,Product B,99,40,23,4,322.09,0.05
2023-10-19,Product C,48,60,32,5,300.74,0.02
2023-10-19,Product D,28,90,48,7,246.11,0.025
2023-10-20,Product A,125,25,13,3,336.41,0.061
2023-10-20,Product B,87,40,23,4,369.53,0.035
2023-10-20,Product C,42,60,32,5,150.19,0.015
2023-10-20,Product D,27,90,48,7,170.68,0.019
2023-10-21,Product A,123,25,13,3,384.86,0.052
2023-10-21,Product B,79,40,23,4,277.43,0.057
2023-10-21,Product C,45,60,32,5,320.99,0.034
2023-10-21,Product D,31,90,48,7,234.24,0.022
2023-10-22,Product A,123,25,13,3,319.41,0.075
2023-10-22,Product B,76,40,23,4,402.01,0.04
2023-10-22,Product C,44,60,32,5,319.88,0.027
2023-10-22,Product D,29,90,48,7,218.99,0.025
2023-10-23,Product A,132,25,13,3,390.62,0.063
2023-10-23,Product B,92,40,23,4,314.07,0.041
2023-10-23,Product C,40,60,32,5,275.54,0.028
2023-10-23,Product D,25,90,48,7,171.54,0.014
2023-10-24,Product A,96,25,13,3,258.58,0.07
2023-10-24,Product B,79,40,23,4,330.75,0.038
2023-10-24,Product C,47,60,32,5,299.71,0.023
2023-10-24,Product D,26,90,48,7,182.7,0.012
2023-10-25,Product A,120,25,13,3,351.44,0.082
2023-10-25,Product B,70,40,23,4,237.74,0.054
2023-10-25,Product C,49,60,32,5,213.39,0.018
2023-10-25,Product D,30,90,48,7,225.02,0.015
2023-10-26,Product A,129,25,13,3,320.26,0.086
2023-10-26,Product B,75,40,23,4,303.18,0.045
2023-10-26,Product C,43,60,32,5,266.63,0.027
2023-10-26,Product D,31,90,48,7,278.68,0.011
2023-10-27,Product A,129,25,13,3,370.12,0.089
2023-10-27,Product B,92,40,23,4,325.16,0.049
2023-10-27,Product C,45,60,32,5,251.8,0.033
2023-10-27,Product D,27,90,48,7,258.8,0.022
2023-10-28,Product A,110,25,13,3,322.45,0.057
2023-10-28,Product B,77,40,23,4,259.27,0.048
2023-10-28,Product C,40,60,32,5,313.38,0.032
2023-10-28,Product D,26,90,48,7,214.53,0.013
2023-10-29,Product A,109,25,13,3,326.91,0.082
2023-10-29,Product B,86,40,23,4,298.51,0.056
2023-10-29,Product C,45,60,32,5,315.63,0.016
2023-10-29,Product D,29,90,48,7,211.51,0.013
2023-10-30,Product A,126,25,13,3,284.33,0.076
2023-10-30,Product B,73,40,23,4,261.08,0.05
2023-10-30,Product C,40,60,32,5,209.67,0.033
2023-10-30,Product D,37,90,48,7,230.15,0.011
2023-10-31,Product A,108,25,13,3,363.62,0.066
2023-10-31,Product B,78,40,23,4,327.39,0.053
2023-10-31,Product C,46,60,32,5,183.55,0.021
2023-10-31,Product D,35,90,48,7,265.52,0.023
2023-11-01,Product A,109,25,13,3,292.35,0.079
2023-11-01,Product B,74,40,23,4,260.78,0.052
2023-11-01,Product C,45,60,32,5,288.06,0.023
2023-11-01,Product D,31,90,48,7,202.37,0.013
2023-11-02,Product A,116,25,13,3,243.44,0.061
2023-11-02,Product B,84,40,23,4,264.73,0.033
2023-11-02,Product C,42,60,32,5,229.16,0.03
2023-11-02,Product D,27,90,48,7,221.45,0.016
2023-11-03,Product A,139,25,13,3,386.25,0.056
2023-11-03,Product B,95,40,23,4,295.84,0.056
2023-11-03,Product C,36,60,32,5,247.48,0.016
2023-11-03,Product D,36,90,48,7,224.21,0.024
2023-11-04,Product A,126,25,13,3,376.02,0.075
2023-11-04,Product B,74,40,23,4,228.02,0.047
2023-11-04,Product C,44,60,32,5,245.9,0.018
2023-11-04,Product D,26,90,48,7,209.14,0.019
2023-11-05,Product A,143,25,13,3,271.54,0.062
2023-11-05,Product B,84,40,23,4,243.05,0.058
2023-11-05,Product C,48,60,32,5,236.67,0.024
2023-11-05,Product D,30,90,48,7,216.24,0.017
2023-11-06,Product A,113,25,13,3,355.35,0.059
2023-11-06,Product B,86,40,23,4,219.62,0.033
2023-11-06,Product C,47,60,32,5,214.01,0.03
2023-11-06,Product D,27,90,48,7,203.36,0.02
2023-11-07,Product A,119,25,13,3,395.17,0.068
2023-11-07,Product B,92,40,23,4,257.27,0.046
2023-11-07,Product C,47,60,32,5,253.25,0.025
2023-11-07,Product D,30,90,48,7,251.85,0.011
2023-11-08,Product A,120,25,13,3,382.97,0.08
2023-11-08,Product B,85,40,23,4,245.84,0.059
2023-11-08,Product C,50,60,32,5,282.63,0.031
2023-11-08,Product D,33,90,48,7,261.88,0.018
2023-11-09,Product A,117,25,13,3,374.15,0.068
2023-11-09,Product B,75,40,23,4,290.07,0.052
2023-11-09,Product C,43,60,32,5,212.1,0.033
2023-11-09,Product D,27,90,48,7,249.4,0.023
2023-11-10,Product A,115,25,13,3,380.94,0.07
2023-11-10,Product B,88,40,23,4,261.58,0.058
2023-11-10,Product C,43,60,32,5,295.8,0.022
2023-11-10,Product D,29,90,48,7,206.34,0.013
2023-11-11,Product A,123,25,13,3,373.49,0.073
2023-11-11,Product B,83,40,23,4,300.46,0.041
2023-11-11,Product C,46,60,32,5,322.98,0.034
2023-11-11,Product D,31,90,48,7,175.42,0.016
2023-11-12,Product A,123,25,13,3,318.66,0.058
2023-11-12,Product B,91,40,23,4,403.02,0.056
2023-11-12,Product C,46,60,32,5,302.62,0.02
2023-11-12,Product D,28,90,48,7,276.82,0.012
2023-11-13,Product A,116,25,13,3,229.9,0.079
2023-11-13,Product B,78,40,23,4,223.75,0.046
2023-11-13,Product C,44,60,32,5,230.77,0.028
2023-11-13,Product D,26,90,48,7,212.17,0.019
2023-11-14,Product A,133,25,13,3,397.49,0.072
2023-11-14,Product B,91,40,23,4,279.4,0.043
2023-11-14,Product C,49,60,32,5,319.94,0.017
2023-11-14,Product D,24,90,48,7,256.58,0.023
2023-11-15,Product A,122,25,13,3,360.67,0.072
2023-11-15,Product B,82,40,23,4,319.88,0.035
2023-11-15,Product C,45,60,32,5,209.99,0.031
2023-11-15,Product D,33,90,48,7,196.92,0.016
2023-11-16,Product A,128,25,13,3,361.84,0.056
2023-11-16,Product B,82,40,23,4,275.46,0.043
2023-11-16,Product C,42,60,32,5,231.65,0.027
2023-11-16,Product D,34,90,48,7,178.92,0.02
2023-11-17,Product A,135,25,13,3,335.25,0.085
2023-11-17,Product B,84,40,23,4,304.25,0.052
2023-11-17,Product C,39,60,32,5,265.42,0.034
2023-11-17,Product D,34,90,48,7,180.41,0.017
2023-11-18,Product A,124,25,13,3,407.97,0.076
2023-11-18,Product B,101,40,23,4,295.69,0.056
2023-11-18,Product C,44,60,32,5,211.46,0.026
2023-11-18,Product D,27,90,48,7,235.69,0.021
2023-11-19,Product A,118,25,13,3,392.75,0.063
2023-11-19,Product B,72,40,23,4,368.18,0.049
2023-11-19,Product C,51,60,32,5,325.17,0.028
2023-11-19,Product D,29,90,48,7,210.6,0.017
2023-11-20,Product A,117,25,13,3,216.94,0.057
2023-11-20,Product B,87,40,23,4,341.77,0.037
2023-11-20,Product C,47,60,32,5,233.4,0.021
2023-11-20,Product D,27,90,48,7,196.48,0.021
2023-11-21,Product A,125,25,13,3,367.67,0.083
2023-11-21,Product B,69,40,23,4,285.72,0.047
2023-11-21,Product C,44,60,32,5,215.39,0.017
2023-11-21,Product D,27,90,48,7,227.92,0.02
2023-11-22,Product A,118,25,13,3,258.35,0.078
2023-11-22,Product B,71,40,23,4,255.67,0.032
2023-11-22,Product C,52,60,32,5,191.4,0.016
2023-11-22,Product D,30,90,48,7,187.79,0.023
2023-11-23,Product A,136,25,13,3,360.67,0.087
2023-11-23,Product B,85,40,23,4,287.02,0.039
2023-11-23,Product C,49,60,32,5,345.95,0.031
2023-11-23,Product D,24,90,48,7,188.72,0.018
2023-11-24,Product A,106,25,13,3,234.61,0.072
2023-11-24,Product B,91,40,23,4,303.56,0.031
2023-11-24,Product C,44,60,32,5,215.66,0.019
2023-11-24,Product D,31,90,48,7,184.99,0.023
2023-11-25,Product A,113,25,13,3,326.47,0.051
2023-11-25,Product B,77,40,23,4,354.98,0.031
2023-11-25,Product C,45,60,32,5,223.87,0.027
2023-11-25,Product D,32,90,48,7,290.22,0.02
2023-11-26,Product A,147,25,13,3,362.99,0.064
2023-11-26,Product B,85,40,23,4,340.39,0.056
2023-11-26,Product C,45,60,32,5,277.66,0.034
2023-11-26,Product D,30,90,48,7,237.94,0.022
2023-11-27,Product A,117,25,13,3,349.29,0.088
2023-11-27,Product B,87,40,23,4,310.1,0.033
2023-11-27,Product C,41,60,32,5,271.24,0.021
2023-11-27,Product D,29,90,48,7,196.03,0.022
2023-11-28,Product A,117,25,13,3,314.33,0.086
2023-11-28,Product B,90,40,23,4,289.64,0.04
2023-11-28,Product C,42,60,32,5,244.54,0.022
2023-11-28,Product D,28,90,48,7,208.51,0.017
2023-11-29,Product A,126,25,13,3,302.32,0.081
2023-11-29,Product B,87,40,23,4,202.52,0.03
2023-11-29,Product C,42,60,32,5,269.7,0.028
2023-11-29,Product D,34,90,48,7,238.36,0.014
2023-11-30,Product A,116,25,13,3,327.54,0.06
2023-11-30,Product B,90,40,23,4,265.15,0.037
2023-11-30,Product C,46,60,32,5,248.57,0.024
2023-11-30,Product D,27,90,48,7,202.4,0.017
2023-12-01,Product A,110,25,13,3,356.16,0.053
2023-12-01,Product B,82,40,23,4,247.61,0.05
2023-12-01,Product C,43,60,32,5,301.04,0.025
2023-12-01,Product D,32,90,48,7,175.7,0.024
2023-12-02,Product A,132,25,13,3,288.43,0.072
2023-12-02,Product B,84,40,23,4,270.59,0.041
2023-12-02,Product C,44,60,32,5,267.81,0.034
2023-12-02,Product D,30,90,48,7,228.45,0.019
2023-12-03,Product A,134,25,13,3,332.91,0.067
2023-12-03,Product B,92,40,23,4,296.07,0.043
2023-12-03,Product C,46,60,32,5,312.32,0.03
2023-12-03,Product D,26,90,48,7,170.41,0.013
2023-12-04,Product A,104,25,13,3,409.43,0.05
2023-12-04,Product B,89,40,23,4,262.87,0.043
2023-12-04,Product C,53,60,32,5,346.85,0.032
2023-12-04,Product D,26,90,48,7,196.34,0.012
2023-12-05,Product A,118,25,13,3,398.92,0.076
2023-12-05,Product B,94,40,23,4,283.65,0.053
2023-12-05,Product C,41,60,32,5,267.8,0.033
2023-12-05,Product D,28,90,48,7,280.57,0.022
2023-12-06,Product A,127,25,13,3,347.43,0.089
2023-12-06,Product B,88,40,23,4,309.3,0.049
2023-12-06,Product C,50,60,32,5,238.27,0.015
2023-12-06,Product D,27,90,48,7,217.37,0.025
2023-12-07,Product A,133,25,13,3,368.86,0.081
2023-12-07,Product B,77,40,23,4,358.13,0.04
2023-12-07,Product C,41,60,32,5,313.84,0.028
2023-12-07,Product D,34,90,48,7,133.29,0.011
2023-12-08,Product A,133,25,13,3,458.34,0.07
2023-12-08,Product B,105,40,23,4,294.35,0.035
2023-12-08,Product C,48,60,32,5,267.15,0.018
2023-12-08,Product D,30,90,48,7,159.58,0.015
2023-12-09,Product A,121,25,13,3,400.98,0.062
2023-12-09,Product B,86,40,23,4,297.68,0.047
2023-12-09,Product C,50,60,32,5,304.48,0.016
2023-12-09,Product D,31,90,48,7,210.57,0.017
2023-12-10,Product A,136,25,13,3,183.96,0.05
2023-12-10,Product B,86,40,23,4,292.8,0.035
2023-12-10,Product C,46,60,32,5,269.09,0.021
2023-12-10,Product D,31,90,48,7,216.37,0.011
2023-12-11,Product A,122,25,13,3,387.23,0.058
2023-12-11,Product B,77,40,23,4,368.31,0.05
2023-12-11,Product C,43,60,32,5,291.03,0.017
2023-12-11,Product D,31,90,48,7,207.86,0.016
2023-12-12,Product A,116,25,13,3,466.94,0.089
2023-12-12,Product B,101,40,23,4,276.51,0.059
2023-12-12,Product C,43,60,32,5,238.03,0.018
2023-12-12,Product D,28,90,48,7,189.67,0.023
2023-12-13,Product A,137,25,13,3,374.35,0.08
2023-12-13,Product B,92,40,23,4,345.68,0.034
2023-12-13,Product C,49,60,32,5,221.02,0.034
2023-12-13,Product D,29,90,48,7,221.05,0.017
2023-12-14,Product A,142,25,13,3,365.12,0.079
2023-12-14,Product B,98,40,23,4,331.41,0.053
2023-12-14,Product C,43,60,32,5,285.97,0.021
2023-12-14,Product D,36,90,48,7,161.15,0.024
2023-12-15,Product A,132,25,13,3,348.37,0.08
2023-12-15,Product B,85,40,23,4,285.99,0.06
2023-12-15,Product C,49,60,32,5,232.36,0.016
2023-12-15,Product D,29,90,48,7,239.99,0.016
2023-12-16,Product A,122,25,13,3,441.81,0.052
2023-12-16,Product B,89,40,23,4,342.08,0.053
2023-12-16,Product C,42,60,32,5,236.39,0.033
2023-12-16,Product D,33,90,48,7,177.71,0.025
2023-12-17,Product A,126,25,13,3,307.18,0.085
2023-12-17,Product B,91,40,23,4,257.22,0.048
2023-12-17,Product C,44,60,32,5,277.5,0.028
2023-12-17,Product D,27,90,48,7,215.64,0.023
2023-12-18,Product A,121,25,13,3,435.43,0.089
2023-12-18,Product B,77,40,23,4,298.83,0.041
2023-12-18,Product C,43,60,32,5,311.92,0.023
2023-12-18,Product D,31,90,48,7,204.81,0.019
2023-12-19,Product A,149,25,13,3,357.48,0.071
2023-12-19,Product B,96,40,23,4,376.65,0.057
2023-12-19,Product C,42,60,32,5,273.45,0.027
2023-12-19,Product D,32,90,48,7,268.83,0.019
2023-12-20,Product A,119,25,13,3,416.64,0.059
2023-12-20,Product B,98,40,23,4,295.49,0.06
2023-12-20,Product C,49,60,32,5,215.36,0.025
2023-12-20,Product D,28,90,48,7,196.34,0.01
2023-12-21,Product A,120,25,13,3,369.72,0.088
2023-12-21,Product B,81,40,23,4,354.16,0.041
2023-12-21,Product C,58,60,32,5,294.7,0.023
2023-12-21,Product D,39,90,48,7,223.56,0.015
2023-12-22,Product A,117,25,13,3,363.55,0.087
2023-12-22,Product B,109,40,23,4,254.14,0.057
2023-12-22,Product C,48,60,32,5,313.02,0.017
2023-12-22,Product D,28,90,48,7,283.24,0.019
2023-12-23,Product A,139,25,13,3,360.78,0.068
2023-12-23,Product B,92,40,23,4,151.66,0.031
2023-12-23,Product C,48,60,32,5,247.98,0.024
2023-12-23,Product D,36,90,48,7,204.3,0.021
2023-12-24,Product A,128,25,13,3,304.78,0.07
2023-12-24,Product B,73,40,23,4,259.99,0.03
2023-12-24,Product C,43,60,32,5,263.12,0.031
2023-12-24,Product D,33,90,48,7,203.58,0.015
2023-12-25,Product A,132,25,13,3,262.64,0.083
2023-12-25,Product B,100,40,23,4,295.07,0.055
2023-12-25,Product C,49,60,32,5,329.76,0.023
2023-12-25,Product D,28,90,48,7,238.62,0.023
2023-12-26,Product A,118,25,13,3,343.16,0.05
2023-12-26,Product B,89,40,23,4,330.45,0.032
2023-12-26,Product C,50,60,32,5,249.53,0.03
2023-12-26,Product D,35,90,48,7,222.99,0.016
2023-12-27,Product A,128,25,13,3,285.03,0.065
2023-12-27,Product B,91,40,23,4,257.89,0.039
2023-12-27,Product C,45,60,32,5,287.18,0.033
2023-12-27,Product D,36,90,48,7,193.39,0.017
2023-12-28,Product A,121,25,13,3,323.39,0.078
2023-12-28,Product B,89,40,23,4,378.39,0.056
2023-12-28,Product C,45,60,32,5,309.51,0.026
2023-12-28,Product D,34,90,48,7,163.87,0.013
2023-12-29,Product A,127,25,13,3,370.61,0.061
2023-12-29,Product B,80,40,23,4,234.5,0.058
2023-12-29,Product C,53,60,32,5,166.98,0.018
2023-12-29,Product D,35,90,48,7,180.48,0.022
2023-12-30,Product A,148,25,13,3,338.36,0.051
2023-12-30,Product B,75,40,23,4,268.82,0.058
2023-12-30,Product C,46,60,32,5,290.45,0.028
2023-12-30,Product D,31,90,48,7,211.35,0.015
2023-12-31,Product A,136,25,13,3,275.43,0.062
2023-12-31,Product B,109,40,23,4,297.34,0.056
2023-12-31,Product C,43,60,32,5,293.64,0.016
2023-12-31,Product D,30,90,48,7,230.54,0.017
2024-01-01,Product A,123,25,13,3,404.41,0.078
2024-01-01,Product B,83,40,23,4,339.53,0.036
2024-01-01,Product C,50,60,32,5,211.97,0.021
2024-01-01,Product D,24,90,48,7,257.31,0.014
2024-01-02,Product A,118,25,13,3,352.79,0.059
2024-01-02,Product B,66,40,23,4,259.39,0.057
2024-01-02,Product C,49,60,32,5,248.62,0.018
2024-01-02,Product D,31,90,48,7,279.93,0.016
2024-01-03,Product A,124,25,13,3,293.18,0.054
2024-01-03,Product B,95,40,23,4,297.92,0.059
2024-01-03,Product C,45,60,32,5,293.87,0.028
2024-01-03,Product D,30,90,48,7,260.51,0.017
2024-01-04,Product A,112,25,13,3,406.96,0.05
2024-01-04,Product B,88,40,23,4,183.2,0.059
2024-01-04,Product C,47,60,32,5,270.06,0.022
2024-01-04,Product D,33,90,48,7,196.89,0.016
2024-01-05,Product A,129,25,13,3,367.04,0.074
2024-01-05,Product B,90,40,23,4,283.15,0.052
2024-01-05,Product C,49,60,32,5,278.2,0.027
2024-01-05,Product D,33,90,48,7,217.97,0.01
2024-01-06,Product A,138,25,13,3,381.23,0.05
2024-01-06,Product B,78,40,23,4,269.91,0.04
2024-01-06,Product C,47,60,32,5,213.3,0.032
2024-01-06,Product D,38,90,48,7,245.18,0.02
2024-01-07,Product A,120,25,13,3,300.72,0.062
2024-01-07,Product B,86,40,23,4,273.81,0.035
2024-01-07,Product C,48,60,32,5,299.6,0.033
2024-01-07,Product D,29,90,48,7,181.81,0.02
2024-01-08,Product A,138,25,13,3,292.99,0.085
2024-01-08,Product B,90,40,23,4,333.12,0.031
2024-01-08,Product C,48,60,32,5,274.83,0.024
2024-01-08,Product D,30,90,48,7,230.6,0.01
2024-01-09,Product A,135,25,13,3,465.33,0.083
2024-01-09,Product B,81,40,23,4,325.33,0.032
2024-01-09,Product C,42,60,32,5,290.35,0.022
2024-01-09,Product D,34,90,48,7,263.07,0.01
2024-01-10,Product A,130,25,13,3,357.63,0.081
2024-01-10,Product B,92,40,23,4,263.85,0.033
2024-01-10,Product C,59,60,32,5,244.29,0.026
2024-01-10,Product D,32,90,48,7,210.68,0.019
2024-01-11,Product A,109,25,13,3,307.46,0.051
2024-01-11,Product B,95,40,23,4,272.42,0.036
2024-01-11,Product C,39,60,32,5,212.46,0.018
2024-01-11,Product D,35,90,48,7,246.92,0.018
2024-01-12,Product A,126,25,13,3,313.25,0.078
2024-01-12,Product B,102,40,23,4,332.2,0.054
2024-01-12,Product C,51,60,32,5,335.88,0.032
2024-01-12,Product D,33,90,48,7,211.41,0.015
2024-01-13,Product A,141,25,13,3,366.47,0.073
2024-01-13,Product B,88,40,23,4,234.29,0.058
2024-01-13,Product C,47,60,32,5,290.73,0.02
2024-01-13,Product D,35,90,48,7,213.09,0.01
2024-01-14,Product A,123,25,13,3,358.93,0.086
2024-01-14,Product B,85,40,23,4,329.19,0.034
2024-01-14,Product C,51,60,32,5,262.47,0.027
2024-01-14,Product D,27,90,48,7,217.33,0.011
2024-01-15,Product A,145,25,13,3,482.13,0.081
2024-01-15,Product B,88,40,23,4,291.73,0.054
2024-01-15,Product C,38,60,32,5,226.69,0.033
2024-01-15,Product D,27,90,48,7,226.06,0.022
2024-01-16,Product A,119,25,13,3,257.55,0.072
2024-01-16,Product B,84,40,23,4,376.9,0.033
2024-01-16,Product C,50,60,32,5,234.13,0.02
2024-01-16,Product D,28,90,48,7,269.32,0.013
2024-01-17,Product A,141,25,13,3,331.51,0.067
2024-01-17,Product B,107,40,23,4,321.09,0.05
2024-01-17,Product C,50,60,32,5,243.78,0.03
2024-01-17,Product D,27,90,48,7,267.37,0.023
2024-01-18,Product A,139,25,13,3,357.41,0.079
2024-01-18,Product B,85,40,23,4,249.1,0.044
2024-01-18,Product C,42,60,32,5,264.7,0.028
2024-01-18,Product D,35,90,48,7,201.63,0.013
2024-01-19,Product A,118,25,13,3,429.99,0.084
2024-01-19,Product B,85,40,23,4,316.22,0.037
2024-01-19,Product C,46,60,32,5,266.71,0.031
2024-01-19,Product D,36,90,48,7,219.73,0.015
2024-01-20,Product A,126,25,13,3,345.0,0.067
2024-01-20,Product B,87,40,23,4,217.06,0.053
2024-01-20,Product C,43,60,32,5,244.35,0.026
2024-01-20,Product D,37,90,48,7,269.24,0.021
2024-01-21,Product A,131,25,13,3,395.22,0.057
2024-01-21,Product B,89,40,23,4,339.76,0.04
2024-01-21,Product C,42,60,32,5,279.56,0.015
2024-01-21,Product D,34,90,48,7,218.44,0.015
2024-01-22,Product A,134,25,13,3,263.99,0.082
2024-01-22,Product B,82,40,23,4,282.07,0.043
2024-01-22,Product C,54,60,32,5,315.42,0.026
2024-01-22,Product D,28,90,48,7,242.8,0.025
2024-01-23,Product A,126,25,13,3,346.69,0.052
2024-01-23,Product B,85,40,23,4,218.88,0.032
2024-01-23,Product C,42,60,32,5,279.74,0.021
2024-01-23,Product D,33,90,48,7,215.09,0.011
2024-01-24,Product A,127,25,13,3,351.85,0.052
2024-01-24,Product B,89,40,23,4,325.28,0.05
2024-01-24,Product C,64,60,32,5,294.76,0.033
2024-01-24,Product D,35,90,48,7,187.05,0.013
2024-01-25,Product A,120,25,13,3,346.9,0.089
2024-01-25,Product B,88,40,23,4,402.02,0.036
2024-01-25,Product C,42,60,32,5,248.75,0.016
2024-01-25,Product D,32,90,48,7,227.7,0.014
2024-01-26,Product A,137,25,13,3,300.52,0.072
2024-01-26,Product B,101,40,23,4,309.51,0.053
2024-01-26,Product C,48,60,32,5,310.75,0.018
2024-01-26,Product D,32,90,48,7,148.8,0.024
2024-01-27,Product A,120,25,13,3,408.52,0.07
2024-01-27,Product B,88,40,23,4,380.35,0.031
2024-01-27,Product C,48,60,32,5,268.91,0.019
2024-01-27,Product D,32,90,48,7,264.22,0.019
2024-01-28,Product A,125,25,13,3,378.9,0.062
2024-01-28,Product B,81,40,23,4,246.03,0.055
2024-01-28,Product C,50,60,32,5,261.46,0.028
2024-01-28,Product D,29,90,48,7,156.59,0.014
2024-01-29,Product A,132,25,13,3,266.0,0.085
2024-01-29,Product B,79,40,23,4,314.57,0.049
2024-01-29,Product C,50,60,32,5,207.29,0.03
2024-01-29,Product D,35,90,48,7,225.96,0.024
2024-01-30,Product A,136,25,13,3,350.7,0.064
2024-01-30,Product B,87,40,23,4,290.69,0.032
2024-01-30,Product C,42,60,32,5,211.49,0.026
2024-01-30,Product D,33,90,48,7,210.91,0.015
2024-01-31,Product A,119,25,13,3,374.31,0.052
2024-01-31,Product B,90,40,23,4,188.52,0.057
2024-01-31,Product C,54,60,32,5,312.9,0.028
2024-01-31,Product D,34,90,48,7,228.1,0.019
2024-02-01,Product A,145,25,13,3,290.31,0.078
2024-02-01,Product B,80,40,23,4,268.76,0.058
2024-02-01,Product C,48,60,32,5,269.26,0.016
2024-02-01,Product D,35,90,48,7,217.49,0.019
2024-02-02,Product A,122,25,13,3,262.41,0.067
2024-02-02,Product B,86,40,23,4,273.63,0.045
2024-02-02,Product C,42,60,32,5,224.53,0.021
2024-02-02,Product D,32,90,48,7,174.12,0.012
2024-02-03,Product A,131,25,13,3,410.78,0.069
2024-02-03,Product B,100,40,23,4,271.37,0.049
2024-02-03,Product C,53,60,32,5,240.58,0.027
2024-02-03,Product D,30,90,48,7,275.29,0.011
2024-02-04,Product A,122,25,13,3,348.82,0.076
2024-02-04,Product B,95,40,23,4,383.9,0.039
2024-02-04,Product C,51,60,32,5,278.41,0.028
2024-02-04,Product D,31,90,48,7,193.83,0.022
2024-02-05,Product A,123,25,13,3,466.55,0.076
2024-02-05,Product B,82,40,23,4,301.97,0.06
2024-02-05,Product C,51,60,32,5,292.74,0.027
2024-02-05,Product D,30,90,48,7,198.84,0.014
2024-02-06,Product A,137,25,13,3,286.92,0.083
2024-02-06,Product B,71,40,23,4,347.05,0.059
2024-02-06,Product C,48,60,32,5,254.22,0.019
2024-02-06,Product D,36,90,48,7,251.53,0.024
2024-02-07,Product A,122,25,13,3,428.39,0.075
2024-02-07,Product B,107,40,23,4,331.6,0.047
2024-02-07,Product C,45,60,32,5,280.36,0.028
2024-02-07,Product D,36,90,48,7,225.65,0.017
2024-02-08,Product A,123,25,13,3,420.77,0.062
2024-02-08,Product B,85,40,23,4,330.92,0.031
2024-02-08,Product C,47,60,32,5,207.15,0.025
2024-02-08,Product D,33,90,48,7,238.1,0.017
2024-02-09,Product A,146,25,13,3,436.17,0.052
2024-02-09,Product B,120,40,23,4,331.27,0.047
2024-02-09,Product C,56,60,32,5,296.84,0.023
2024-02-09,Product D,34,90,48,7,214.09,0.024
2024-02-10,Product A,127,25,13,3,355.81,0.052
2024-02-10,Product B,90,40,23,4,326.98,0.032
2024-02-10,Product C,49,60,32,5,261.35,0.019
2024-02-10,Product D,32,90,48,7,220.76,0.018
2024-02-11,Product A,129,25,13,3,354.64,0.074
2024-02-11,Product B,95,40,23,4,336.28,0.05
2024-02-11,Product C,51,60,32,5,293.03,0.023
2024-02-11,Product D,31,90,48,7,181.21,0.023
2024-02-12,Product A,162,25,13,3,374.24,0.07
2024-02-12,Product B,85,40,23,4,363.94,0.037
2024-02-12,Product C,54,60,32,5,235.99,0.029
2024-02-12,Product D,32,90,48,7,232.69,0.017
2024-02-13,Product A,110,25,13,3,315.48,0.067
2024-02-13,Product B,100,40,23,4,349.59,0.038
2024-02-13,Product C,48,60,32,5,253.75,0.028
2024-02-13,Product D,31,90,48,7,202.97,0.021
2024-02-14,Product A,144,25,13,3,423.57,0.08
2024-02-14,Product B,94,40,23,4,308.38,0.057
2024-02-14,Product C,47,60,32,5,220.89,0.023
2024-02-14,Product D,31,90,48,7,234.64,0.017
2024-02-15,Product A,110,25,13,3,286.62,0.062
2024-02-15,Product B,94,40,23,4,345.45,0.031
2024-02-15,Product C,52,60,32,5,306.69,0.025
2024-02-15,Product D,36,90,48,7,267.06,0.019
2024-02-16,Product A,144,25,13,3,358.43,0.058
2024-02-16,Product B,93,40,23,4,297.35,0.05
2024-02-16,Product C,51,60,32,5,262.31,0.027
2024-02-16,Product D,35,90,48,7,185.13,0.02
2024-02-17,Product A,152,25,13,3,371.15,0.054
2024-02-17,Product B,93,40,23,4,337.97,0.055
2024-02-17,Product C,51,60,32,5,269.46,0.024
2024-02-17,Product D,35,90,48,7,203.44,0.018
2024-02-18,Product A,140,25,13,3,320.11,0.066
2024-02-18,Product B,85,40,23,4,331.26,0.052
2024-02-18,Product C,58,60,32,5,296.16,0.025
2024-02-18,Product D,36,90,48,7,259.34,0.02
2024-02-19,Product A,144,25,13,3,360.18,0.05
2024-02-19,Product B,89,40,23,4,264.82,0.049
2024-02-19,Product C,47,60,32,5,225.58,0.017
2024-02-19,Product D,27,90,48,7,237.4,0.018
2024-02-20,Product A,99,25,13,3,430.97,0.075
2024-02-20,Product B,96,40,23,4,361.61,0.048
2024-02-20,Product C,56,60,32,5,262.23,0.03
2024-02-20,Product D,37,90,48,7,191.38,0.019
2024-02-21,Product A,139,25,13,3,276.66,0.051
2024-02-21,Product B,95,40,23,4,369.4,0.035
2024-02-21,Product C,47,60,32,5,259.01,0.025
2024-02-21,Product D,34,90,48,7,174.34,0.018
2024-02-22,Product A,119,25,13,3,386.59,0.06
2024-02-22,Product B,91,40,23,4,310.02,0.046
2024-02-22,Product C,52,60,32,5,321.86,0.025
2024-02-22,Product D,38,90,48,7,222.99,0.014
2024-02-23,Product A,127,25,13,3,401.92,0.082
2024-02-23,Product B,102,40,23,4,272.53,0.052
2024-02-23,Product C,47,60,32,5,229.96,0.033
2024-02-23,Product D,37,90,48,7,183.2,0.022
2024-02-24,Product A,132,25,13,3,216.8,0.064
2024-02-24,Product B,80,40,23,4,337.11,0.054
2024-02-24,Product C,57,60,32,5,292.89,0.017
2024-02-24,Product D,37,90,48,7,199.12,0.016
2024-02-25,Product A,162,25,13,3,386.37,0.053
2024-02-25,Product B,94,40,23,4,294.94,0.034
2024-02-25,Product C,51,60,32,5,188.6,0.034
2024-02-25,Product D,34,90,48,7,201.07,0.019
2024-02-26,Product A,132,25,13,3,346.9,0.064
2024-02-26,Product B,89,40,23,4,322.04,0.034
2024-02-26,Product C,57,60,32,5,190.57,0.02
2024-02-26,Product D,32,90,48,7,221.94,0.016
2024-02-27,Product A,137,25,13,3,302.65,0.087
2024-02-27,Product B,107,40,23,4,284.67,0.057
2024-02-27,Product C,45,60,32,5,257.17,0.026
2024-02-27,Product D,35,90,48,7,271.22,0.012
2024-02-28,Product A,154,25,13,3,309.42,0.078
2024-02-28,Product B,90,40,23,4,305.56,0.057
2024-02-28,Product C,46,60,32,5,251.71,0.017
2024-02-28,Product D,33,90,48,7,289.04,0.022
2024-02-29,Product A,129,25,13,3,322.28,0.084
2024-02-29,Product B,93,40,23,4,246.6,0.044
2024-02-29,Product C,50,60,32,5,312.9,0.034
2024-02-29,Product D,38,90,48,7,169.44,0.023
2024-03-01,Product A,136,25,13,3,450.96,0.051
2024-03-01,Product B,76,40,23,4,210.47,0.056
2024-03-01,Product C,46,60,32,5,269.79,0.017
2024-03-01,Product D,31,90,48,7,232.22,0.019
2024-03-02,Product A,129,25,13,3,370.87,0.075
2024-03-02,Product B,96,40,23,4,318.01,0.056
2024-03-02,Product C,46,60,32,5,289.47,0.028
2024-03-02,Product D,32,90,48,7,200.06,0.01
2024-03-03,Product A,142,25,13,3,310.73,0.064
2024-03-03,Product B,83,40,23,4,330.91,0.058
2024-03-03,Product C,61,60,32,5,240.12,0.029
2024-03-03,Product D,30,90,48,7,217.77,0.011
2024-03-04,Product A,133,25,13,3,295.12,0.055
2024-03-04,Product B,107,40,23,4,325.09,0.039
2024-03-04,Product C,56,60,32,5,281.43,0.032
2024-03-04,Product D,32,90,48,7,192.61,0.014
2024-03-05,Product A,140,25,13,3,299.32,0.066
2024-03-05,Product B,102,40,23,4,249.76,0.058
2024-03-05,Product C,51,60,32,5,222.24,0.016
2024-03-05,Product D,31,90,48,7,202.33,0.014
2024-03-06,Product A,128,25,13,3,459.93,0.064
2024-03-06,Product B,90,40,23,4,286.44,0.043
2024-03-06,Product C,51,60,32,5,243.16,0.027
2024-03-06,Product D,33,90,48,7,142.09,0.012
2024-03-07,Product A,134,25,13,3,320.6,0.059
2024-03-07,Product B,107,40,23,4,269.41,0.046
2024-03-07,Product C,54,60,32,5,219.2,0.017
2024-03-07,Product D,36,90,48,7,200.17,0.024
2024-03-08,Product A,121,25,13,3,234.11,0.054
2024-03-08,Product B,96,40,23,4,282.58,0.053
2024-03-08,Product C,56,60,32,5,325.4,0.028
2024-03-08,Product D,35,90,48,7,286.53,0.019
2024-03-09,Product A,118,25,13,3,320.7,0.085
2024-03-09,Product B,89,40,23,4,254.12,0.042
2024-03-09,Product C,52,60,32,5,252.49,0.024
2024-03-09,Product D,34,90,48,7,240.81,0.023
2024-03-10,Product A,146,25,13,3,326.41,0.08
2024-03-10,Product B,106,40,23,4,385.05,0.038
2024-03-10,Product C,46,60,32,5,289.03,0.022
2024-03-10,Product D,33,90,48,7,231.89,0.021
2024-03-11,Product A,166,25,13,3,358.69,0.079
2024-03-11,Product B,92,40,23,4,295.94,0.034
2024-03-11,Product C,53,60,32,5,294.4,0.023
2024-03-11,Product D,31,90,48,7,182.31,0.024
2024-03-12,Product A,119,25,13,3,435.46,0.077
2024-03-12,Product B,78,40,23,4,270.16,0.047
2024-03-12,Product C,59,60,32,5,229.73,0.023
2024-03-12,Product D,30,90,48,7,198.25,0.024
2024-03-13,Product A,148,25,13,3,385.15,0.077
2024-03-13,Product B,91,40,23,4,289.85,0.052
2024-03-13,Product C,53,60,32,5,217.18,0.029
2024-03-13,Product D,37,90,48,7,230.14,0.016
2024-03-14,Product A,151,25,13,3,308.25,0.077
2024-03-14,Product B,100,40,23,4,253.44,0.032
2024-03-14,Product C,48,60,32,5,307.85,0.018
2024-03-14,Product D,33,90,48,7,193.09,0.021
2024-03-15,Product A,131,25,13,3,466.84,0.073
2024-03-15,Product B,93,40,23,4,270.83,0.04
2024-03-15,Product C,53,60,32,5,215.31,0.03
2024-03-15,Product D,35,90,48,7,175.18,0.021
2024-03-16,Product A,128,25,13,3,319.08,0.051
2024-03-16,Product B,104,40,23,4,254.89,0.032
2024-03-16,Product C,50,60,32,5,301.75,0.026
2024-03-16,Product D,32,90,48,7,195.21,0.022
2024-03-17,Product A,152,25,13,3,422.78,0.084
2024-03-17,Product B,88,40,23,4,307.5,0.044
2024-03-17,Product C,54,60,32,5,279.78,0.025
2024-03-17,Product D,34,90,48,7,207.22,0.022
2024-03-18,Product A,128,25,13,3,379.51,0.06
2024-03-18,Product B,101,40,23,4,265.8,0.043
2024-03-18,Product C,48,60,32,5,171.67,0.025
2024-03-18,Product D,41,90,48,7,208.73,0.019
2024-03-19,Product A,139,25,13,3,279.89,0.088
2024-03-19,Product B,91,40,23,4,346.93,0.06
2024-03-19,Product C,57,60,32,5,282.2,0.03
2024-03-19,Product D,32,90,48,7,187.86,0.01
2024-03-20,Product A,143,25,13,3,431.66,0.07
2024-03-20,Product B,82,40,23,4,275.83,0.051
2024-03-20,Product C,44,60,32,5,246.98,0.024
2024-03-20,Product D,29,90,48,7,153.09,0.018
2024-03-21,Product A,133,25,13,3,360.96,0.069
2024-03-21,Product B,86,40,23,4,315.79,0.033
2024-03-21,Product C,57,60,32,5,188.12,0.027
2024-03-21,Product D,37,90,48,7,293.49,0.017
2024-03-22,Product A,165,25,13,3,357.52,0.079
2024-03-22,Product B,108,40,23,4,411.62,0.044
2024-03-22,Product C,50,60,32,5,321.53,0.024
2024-03-22,Product D,31,90,48,7,199.58,0.013
2024-03-23,Product A,115,25,13,3,318.79,0.081
2024-03-23,Product B,88,40,23,4,242.25,0.032
2024-03-23,Product C,37,60,32,5,223.01,0.017
2024-03-23,Product D,35,90,48,7,296.21,0.021
2024-03-24,Product A,145,25,13,3,300.02,0.063
2024-03-24,Product B,89,40,23,4,328.83,0.036
2024-03-24,Product C,57,60,32,5,266.22,0.017
2024-03-24,Product D,37,90,48,7,232.67,0.013
2024-03-25,Product A,121,25,13,3,449.11,0.065
2024-03-25,Product B,96,40,23,4,159.08,0.052
2024-03-25,Product C,56,60,32,5,187.97,0.032
2024-03-25,Product D,41,90,48,7,264.85,0.02
2024-03-26,Product A,125,25,13,3,299.95,0.074
2024-03-26,Product B,101,40,23,4,179.06,0.06
2024-03-26,Product C,57,60,32,5,199.8,0.027
2024-03-26,Product D,36,90,48,7,202.94,0.018
2024-03-27,Product A,112,25,13,3,301.08,0.064
2024-03-27,Product B,89,40,23,4,275.49,0.044
2024-03-27,Product C,53,60,32,5,261.03,0.035
2024-03-27,Product D,34,90,48,7,226.34,0.014
2024-03-28,Product A,137,25,13,3,394.57,0.052
2024-03-28,Product B,90,40,23,4,334.18,0.05
2024-03-28,Product C,44,60,32,5,272.95,0.027
2024-03-28,Product D,38,90,48,7,190.55,0.022
2024-03-29,Product A,123,25,13,3,342.69,0.056
2024-03-29,Product B,103,40,23,4,323.66,0.057
2024-03-29,Product C,58,60,32,5,192.0,0.016
2024-03-29,Product D,33,90,48,7,216.63,0.012
2024-03-30,Product A,136,25,13,3,336.4,0.078
2024-03-30,Product B,109,40,23,4,349.23,0.057
2024-03-30,Product C,53,60,32,5,274.14,0.035
2024-03-30,Product D,38,90,48,7,201.46,0.016
2024-03-31,Product A,147,25,13,3,252.71,0.054
2024-03-31,Product B,91,40,23,4,313.31,0.042
2024-03-31,Product C,55,60,32,5,226.99,0.021
2024-03-31,Product D,29,90,48,7,184.62,0.017
2024-04-01,Product A,140,25,13,3,332.95,0.069
2024-04-01,Product B,97,40,23,4,397.09,0.06
2024-04-01,Product C,51,60,32,5,208.94,0.023
2024-04-01,Product D,40,90,48,7,193.59,0.017
2024-04-02,Product A,133,25,13,3,366.94,0.052
2024-04-02,Product B,96,40,23,4,332.26,0.054
2024-04-02,Product C,48,60,32,5,281.43,0.026
2024-04-02,Product D,34,90,48,7,256.27,0.021
2024-04-03,Product A,143,25,13,3,364.43,0.084
2024-04-03,Product B,107,40,23,4,298.37,0.032
2024-04-03,Product C,58,60,32,5,240.59,0.018
2024-04-03,Product D,39,90,48,7,213.05,0.013
2024-04-04,Product A,129,25,13,3,337.37,0.058
2024-04-04,Product B,87,40,23,4,337.02,0.042
2024-04-04,Product C,48,60,32,5,206.57,0.023
2024-04-04,Product D,35,90,48,7,227.07,0.023
2024-04-05,Product A,139,25,13,3,405.68,0.064
2024-04-05,Product B,86,40,23,4,301.9,0.049
2024-04-05,Product C,55,60,32,5,240.79,0.017
2024-04-05,Product D,36,90,48,7,208.08,0.019
2024-04-06,Product A,112,25,13,3,350.88,0.061
2024-04-06,Product B,79,40,23,4,359.06,0.039
2024-04-06,Product C,59,60,32,5,199.32,0.021
2024-04-06,Product D,40,90,48,7,201.09,0.013
2024-04-07,Product A,137,25,13,3,320.74,0.082
2024-04-07,Product B,98,40,23,4,313.33,0.041
2024-04-07,Product C,54,60,32,5,290.99,0.029
2024-04-07,Product D,39,90,48,7,185.69,0.015
2024-04-08,Product A,159,25,13,3,325.48,0.07
2024-04-08,Product B,103,40,23,4,319.54,0.045
2024-04-08,Product C,48,60,32,5,184.32,0.033
2024-04-08,Product D,40,90,48,7,237.73,0.017
2024-04-09,Product A,137,25,13,3,292.0,0.07
2024-04-09,Product B,103,40,23,4,190.94,0.042
2024-04-09,Product C,60,60,32,5,290.31,0.03
2024-04-09,Product D,37,90,48,7,217.33,0.021
2024-04-10,Product A,146,25,13,3,450.15,0.083
2024-04-10,Product B,104,40,23,4,296.14,0.031
2024-04-10,Product C,53,60,32,5,243.86,0.025
2024-04-10,Product D,36,90,48,7,254.65,0.02
2024-04-11,Product A,146,25,13,3,270.51,0.079
2024-04-11,Product B,100,40,23,4,353.39,0.032
2024-04-11,Product C,58,60,32,5,333.38,0.027
2024-04-11,Product D,39,90,48,7,117.23,0.022
2024-04-12,Product A,145,25,13,3,292.46,0.079
2024-04-12,Product B,85,40,23,4,344.34,0.04
2024-04-12,Product C,43,60,32,5,303.52,0.033
2024-04-12,Product D,34,90,48,7,213.13,0.011
2024-04-13,Product A,134,25,13,3,235.05,0.078
2024-04-13,Product B,97,40,23,4,271.93,0.046
2024-04-13,Product C,60,60,32,5,213.88,0.02
2024-04-13,Product D,36,90,48,7,272.9,0.016
2024-04-14,Product A,123,25,13,3,251.27,0.056
2024-04-14,Product B,96,40,23,4,282.42,0.035
2024-04-14,Product C,50,60,32,5,238.32,0.028
2024-04-14,Product D,32,90,48,7,232.56,0.02
2024-04-15,Product A,150,25,13,3,282.23,0.08
2024-04-15,Product B,88,40,23,4,339.05,0.056
2024-04-15,Product C,60,60,32,5,231.37,0.035
2024-04-15,Product D,37,90,48,7,236.33,0.017
2024-04-16,Product A,142,25,13,3,396.02,0.064
2024-04-16,Product B,108,40,23,4,284.17,0.048
2024-04-16,Product C,52,60,32,5,283.46,0.029
2024-04-16,Product D,36,90,48,7,206.45,0.021
2024-04-17,Product A,135,25,13,3,378.23,0.058
2024-04-17,Product B,107,40,23,4,341.75,0.032
2024-04-17,Product C,50,60,32,5,291.04,0.021
2024-04-17,Product D,37,90,48,7,185.0,0.012
2024-04-18,Product A,143,25,13,3,403.04,0.066
2024-04-18,Product B,96,40,23,4,443.7,0.055
2024-04-18,Product C,52,60,32,5,291.8,0.032
2024-04-18,Product D,36,90,48,7,217.66,0.02
2024-04-19,Product A,155,25,13,3,451.15,0.051
2024-04-19,Product B,113,40,23,4,309.57,0.042
2024-04-19,Product C,53,60,32,5,286.27,0.029
2024-04-19,Product D,38,90,48,7,232.71,0.018
2024-04-20,Product A,133,25,13,3,328.72,0.051
2024-04-20,Product B,96,40,23,4,315.55,0.051
2024-04-20,Product C,56,60,32,5,253.95,0.026
2024-04-20,Product D,35,90,48,7,176.98,0.02
2024-04-21,Product A,147,25,13,3,384.43,0.089
2024-04-21,Product B,93,40,23,4,354.14,0.041
2024-04-21,Product C,50,60,32,5,333.96,0.017
2024-04-21,Product D,28,90,48,7,215.54,0.018
2024-04-22,Product A,134,25,13,3,349.73,0.084
2024-04-22,Product B,104,40,23,4,282.06,0.031
2024-04-22,Product C,52,60,32,5,277.28,0.034
2024-04-22,Product D,34,90,48,7,179.16,0.014
2024-04-23,Product A,149,25,13,3,352.59,0.056
2024-04-23,Product B,100,40,23,4,319.29,0.032
2024-04-23,Product C,47,60,32,5,230.57,0.034
2024-04-23,Product D,33,90,48,7,251.53,0.019
2024-04-24,Product A,138,25,13,3,364.2,0.056
2024-04-24,Product B,94,40,23,4,327.18,0.052
2024-04-24,Product C,51,60,32,5,239.47,0.019
2024-04-24,Product D,31,90,48,7,184.37,0.012
2024-04-25,Product A,133,25,13,3,433.46,0.073
2024-04-25,Product B,87,40,23,4,258.79,0.037
2024-04-25,Product C,49,60,32,5,226.03,0.025
2024-04-25,Product D,28,90,48,7,274.08,0.023
2024-04-26,Product A,144,25,13,3,190.7,0.057
2024-04-26,Product B,101,40,23,4,346.9,0.056
2024-04-26,Product C,53,60,32,5,299.47,0.024
2024-04-26,Product D,38,90,48,7,188.93,0.015
2024-04-27,Product A,129,25,13,3,336.94,0.069
2024-04-27,Product B,89,40,23,4,337.89,0.04
2024-04-27,Product C,47,60,32,5,213.87,0.018
2024-04-27,Product D,32,90,48,7,228.11,0.022
2024-04-28,Product A,126,25,13,3,376.69,0.052
2024-04-28,Product B,107,40,23,4,301.74,0.059
2024-04-28,Product C,55,60,32,5,193.6,0.021
2024-04-28,Product D,38,90,48,7,210.84,0.017
2024-04-29,Product A,140,25,13,3,279.29,0.06
2024-04-29,Product B,115,40,23,4,523.95,0.042
2024-04-29,Product C,62,60,32,5,219.85,0.028
2024-04-29,Product D,37,90,48,7,272.08,0.015
2024-04-30,Product A,147,25,13,3,355.35,0.078
2024-04-30,Product B,102,40,23,4,294.07,0.032
2024-04-30,Product C,51,60,32,5,278.4,0.033
2024-04-30,Product D,35,90,48,7,174.94,0.019
2024-05-01,Product A,134,25,13,3,287.36,0.065
2024-05-01,Product B,105,40,23,4,292.52,0.031
2024-05-01,Product C,55,60,32,5,259.31,0.016
2024-05-01,Product D,34,90,48,7,202.68,0.024
2024-05-02,Product A,143,25,13,3,313.47,0.081
2024-05-02,Product B,105,40,23,4,238.98,0.043
2024-05-02,Product C,56,60,32,5,277.82,0.026
2024-05-02,Product D,41,90,48,7,242.02,0.023
2024-05-03,Product A,138,25,13,3,400.05,0.071
2024-05-03,Product B,104,40,23,4,355.36,0.048
2024-05-03,Product C,55,60,32,5,262.47,0.027
2024-05-03,Product D,36,90,48,7,207.52,0.014
2024-05-04,Product A,134,25,13,3,276.67,0.059
2024-05-04,Product B,105,40,23,4,285.86,0.057
2024-05-04,Product C,55,60,32,5,292.19,0.022
2024-05-04,Product D,36,90,48,7,191.34,0.01
2024-05-05,Product A,153,25,13,3,409.66,0.06
2024-05-05,Product B,97,40,23,4,373.32,0.041
2024-05-05,Product C,56,60,32,5,256.23,0.034
2024-05-05,Product D,39,90,48,7,166.87,0.022
2024-05-06,Product A,126,25,13,3,321.17,0.05
2024-05-06,Product B,106,40,23,4,370.74,0.056
2024-05-06,Product C,46,60,32,5,204.47,0.033
2024-05-06,Product D,38,90,48,7,202.1,0.019
2024-05-07,Product A,135,25,13,3,426.88,0.087
2024-05-07,Product B,85,40,23,4,254.58,0.036
2024-05-07,Product C,53,60,32,5,244.55,0.025
2024-05-07,Product D,43,90,48,7,216.16,0.023
2024-05-08,Product A,138,25,13,3,301.26,0.054
2024-05-08,Product B,91,40,23,4,357.07,0.046
2024-05-08,Product C,49,60,32,5,252.79,0.023
2024-05-08,Product D,35,90,48,7,270.11,0.011
2024-05-09,Product A,145,25,13,3,419.2,0.081
2024-05-09,Product B,93,40,23,4,265.7,0.039
2024-05-09,Product C,54,60,32,5,236.58,0.019
2024-05-09,Product D,37,90,48,7,210.75,0.022
2024-05-10,Product A,150,25,13,3,319.6,0.06
2024-05-10,Product B,106,40,23,4,257.42,0.052
2024-05-10,Product C,61,60,32,5,370.13,0.023
2024-05-10,Product D,34,90,48,7,286.56,0.015
2024-05-11,Product A,136,25,13,3,380.22,0.081
2024-05-11,Product B,105,40,23,4,330.68,0.057
2024-05-11,Product C,55,60,32,5,264.44,0.023
2024-05-11,Product D,36,90,48,7,190.94,0.02
2024-05-12,Product A,146,25,13,3,213.0,0.062
2024-05-12,Product B,98,40,23,4,299.81,0.031
2024-05-12,Product C,57,60,32,5,304.22,0.032
2024-05-12,Product D,33,90,48,7,205.78,0.02
2024-05-13,Product A,164,25,13,3,425.71,0.056
2024-05-13,Product B,105,40,23,4,385.19,0.055
2024-05-13,Product C,48,60,32,5,230.63,0.022
2024-05-13,Product D,38,90,48,7,166.3,0.018
2024-05-14,Product A,122,25,13,3,355.87,0.084
2024-05-14,Product B,99,40,23,4,237.68,0.04
2024-05-14,Product C,53,60,32,5,262.89,0.017
2024-05-14,Product D,37,90,48,7,268.72,0.013
2024-05-15,Product A,136,25,13,3,395.53,0.069
2024-05-15,Product B,106,40,23,4,297.28,0.048
2024-05-15,Product C,50,60,32,5,163.14,0.025
2024-05-15,Product D,39,90,48,7,259.96,0.021
2024-05-16,Product A,131,25,13,3,309.84,0.084
2024-05-16,Product B,103,40,23,4,307.42,0.034
2024-05-16,Product C,56,60,32,5,298.7,0.029
2024-05-16,Product D,38,90,48,7,225.45,0.022
2024-05-17,Product A,172,25,13,3,244.44,0.069
2024-05-17,Product B,99,40,23,4,355.93,0.038
2024-05-17,Product C,55,60,32,5,206.71,0.016
2024-05-17,Product D,32,90,48,7,226.31,0.025
2024-05-18,Product A,144,25,13,3,392.96,0.061
2024-05-18,Product B,107,40,23,4,354.38,0.048
2024-05-18,Product C,54,60,32,5,201.32,0.033
2024-05-18,Product D,41,90,48,7,253.46,0.014
2024-05-19,Product A,147,25,13,3,258.07,0.084
2024-05-19,Product B,104,40,23,4,291.75,0.052
2024-05-19,Product C,55,60,32,5,215.32,0.028
2024-05-19,Product D,36,90,48,7,205.69,0.021
2024-05-20,Product A,153,25,13,3,411.51,0.089
2024-05-20,Product B,93,40,23,4,301.04,0.04
2024-05-20,Product C,55,60,32,5,282.52,0.034
2024-05-20,Product D,42,90,48,7,169.5,0.014
2024-05-21,Product A,152,25,13,3,318.43,0.078
2024-05-21,Product B,118,40,23,4,292.47,0.043
2024-05-21,Product C,56,60,32,5,326.92,0.017
2024-05-21,Product D,34,90,48,7,224.66,0.019
2024-05-22,Product A,157,25,13,3,284.2,0.07
2024-05-22,Product B,96,40,23,4,384.41,0.053
2024-05-22,Product C,48,60,32,5,358.16,0.032
2024-05-22,Product D,43,90,48,7,169.06,0.015
2024-05-23,Product A,159,25,13,3,255.81,0.052
2024-05-23,Product B,91,40,23,4,289.16,0.056
2024-05-23,Product C,50,60,32,5,203.39,0.023
2024-05-23,Product D,35,90,48,7,176.76,0.011
2024-05-24,Product A,163,25,13,3,329.64,0.071
2024-05-24,Product B,97,40,23,4,269.49,0.03
2024-05-24,Product C,51,60,32,5,273.07,0.023
2024-05-24,Product D,33,90,48,7,260.61,0.021
2024-05-25,Product A,140,25,13,3,374.39,0.085
2024-05-25,Product B,99,40,23,4,298.39,0.039
2024-05-25,Product C,54,60,32,5,240.28,0.021
2024-05-25,Product D,37,90,48,7,238.1,0.011
2024-05-26,Product A,148,25,13,3,331.27,0.078
2024-05-26,Product B,101,40,23,4,212.19,0.033
2024-05-26,Product C,60,60,32,5,294.85,0.024
2024-05-26,Product D,36,90,48,7,242.83,0.016
2024-05-27,Product A,143,25,13,3,417.38,0.082
2024-05-27,Product B,98,40,23,4,289.22,0.059
2024-05-27,Product C,62,60,32,5,240.49,0.028
2024-05-27,Product D,38,90,48,7,259.72,0.021
2024-05-28,Product A,161,25,13,3,370.06,0.054
2024-05-28,Product B,114,40,23,4,271.76,0.042
2024-05-28,Product C,61,60,32,5,281.46,0.034
2024-05-28,Product D,36,90,48,7,241.73,0.015
2024-05-29,Product A,143,25,13,3,302.09,0.089
2024-05-29,Product B,117,40,23,4,275.0,0.05
2024-05-29,Product C,55,60,32,5,213.68,0.032
2024-05-29,Product D,41,90,48,7,184.93,0.012
2024-05-30,Product A,141,25,13,3,441.73,0.068
2024-05-30,Product B,94,40,23,4,350.86,0.032
2024-05-30,Product C,58,60,32,5,268.67,0.026
2024-05-30,Product D,35,90,48,7,231.43,0.01
2024-05-31,Product A,154,25,13,3,394.1,0.062
2024-05-31,Product B,94,40,23,4,327.23,0.052
2024-05-31,Product C,56,60,32,5,283.81,0.021
2024-05-31,Product D,36,90,48,7,210.77,0.022
2024-06-01,Product A,137,25,13,3,314.63,0.07
2024-06-01,Product B,118,40,23,4,347.33,0.055
2024-06-01,Product C,57,60,32,5,291.94,0.02
2024-06-01,Product D,41,90,48,7,277.12,0.024
2024-06-02,Product A,153,25,13,3,528.79,0.053
2024-06-02,Product B,100,40,23,4,307.12,0.053
2024-06-02,Product C,59,60,32,5,253.65,0.032
2024-06-02,Product D,36,90,48,7,270.11,0.016
2024-06-03,Product A,143,25,13,3,499.03,0.073
2024-06-03,Product B,101,40,23,4,282.78,0.055
2024-06-03,Product C,59,60,32,5,279.59,0.024
2024-06-03,Product D,39,90,48,7,256.14,0.012
2024-06-04,Product A,153,25,13,3,290.21,0.057
2024-06-04,Product B,102,40,23,4,312.15,0.033
2024-06-04,Product C,57,60,32,5,310.88,0.027
2024-06-04,Product D,38,90,48,7,226.37,0.022
2024-06-05,Product A,138,25,13,3,252.82,0.064
2024-06-05,Product B,111,40,23,4,357.58,0.056
2024-06-05,Product C,58,60,32,5,271.97,0.033
2024-06-05,Product D,36,90,48,7,163.86,0.01
2024-06-06,Product A,149,25,13,3,353.81,0.08
2024-06-06,Product B,108,40,23,4,251.6,0.055
2024-06-06,Product C,53,60,32,5,238.89,0.017
2024-06-06,Product D,43,90,48,7,183.52,0.014
2024-06-07,Product A,151,25,13,3,362.9,0.064
2024-06-07,Product B,103,40,23,4,335.66,0.039
2024-06-07,Product C,53,60,32,5,285.18,0.026
2024-06-07,Product D,31,90,48,7,131.4,0.011
2024-06-08,Product A,155,25,13,3,348.27,0.059
2024-06-08,Product B,92,40,23,4,192.04,0.038
2024-06-08,Product C,52,60,32,5,282.06,0.026
2024-06-08,Product D,35,90,48,7,130.19,0.017
2024-06-09,Product A,150,25,13,3,331.56,0.09
2024-06-09,Product B,101,40,23,4,417.02,0.034
2024-06-09,Product C,56,60,32,5,326.78,0.018
2024-06-09,Product D,43,90,48,7,218.3,0.019
2024-06-10,Product A,143,25,13,3,339.01,0.08
2024-06-10,Product B,105,40,23,4,382.73,0.055
2024-06-10,Product C,58,60,32,5,225.89,0.027
2024-06-10,Product D,35,90,48,7,196.01,0.019
2024-06-11,Product A,159,25,13,3,351.75,0.069
2024-06-11,Product B,103,40,23,4,296.38,0.054
2024-06-11,Product C,67,60,32,5,287.09,0.032
2024-06-11,Product D,34,90,48,7,228.53,0.02
2024-06-12,Product A,136,25,13,3,302.95,0.083
2024-06-12,Product B,107,40,23,4,308.01,0.054
2024-06-12,Product C,52,60,32,5,254.42,0.03
2024-06-12,Product D,38,90,48,7,236.2,0.015
2024-06-13,Product A,151,25,13,3,394.58,0.074
2024-06-13,Product B,105,40,23,4,329.19,0.049
2024-06-13,Product C,63,60,32,5,282.34,0.028
2024-06-13,Product D,33,90,48,7,174.54,0.024
2024-06-14,Product A,148,25,13,3,395.48,0.067
2024-06-14,Product B,116,40,23,4,342.85,0.03
2024-06-14,Product C,54,60,32,5,270.25,0.026
2024-06-14,Product D,38,90,48,7,268.41,0.016
2024-06-15,Product A,167,25,13,3,346.07,0.082
2024-06-15,Product B,119,40,23,4,312.19,0.048
2024-06-15,Product C,54,60,32,5,277.64,0.031
2024-06-15,Product D,36,90,48,7,234.11,0.019
2024-06-16,Product A,124,25,13,3,306.15,0.082
2024-06-16,Product B,111,40,23,4,278.74,0.043
2024-06-16,Product C,57,60,32,5,272.62,0.025
2024-06-16,Product D,33,90,48,7,201.56,0.019
2024-06-17,Product A,139,25,13,3,417.81,0.053
2024-06-17,Product B,98,40,23,4,290.62,0.059
2024-06-17,Product C,56,60,32,5,260.67,0.019
2024-06-17,Product D,34,90,48,7,222.92,0.015
2024-06-18,Product A,160,25,13,3,255.51,0.088
2024-06-18,Product B,110,40,23,4,382.73,0.034
2024-06-18,Product C,54,60,32,5,211.89,0.031
2024-06-18,Product D,31,90,48,7,226.33,0.021
2024-06-19,Product A,147,25,13,3,404.1,0.06
2024-06-19,Product B,108,40,23,4,240.98,0.039
2024-06-19,Product C,54,60,32,5,230.32,0.018
2024-06-19,Product D,45,90,48,7,201.73,0.015
2024-06-20,Product A,139,25,13,3,354.13,0.086
2024-06-20,Product B,95,40,23,4,341.14,0.033
2024-06-20,Product C,63,60,32,5,311.73,0.018
2024-06-20,Product D,36,90,48,7,238.31,0.018
2024-06-21,Product A,159,25,13,3,360.17,0.072
2024-06-21,Product B,118,40,23,4,317.3,0.042
2024-06-21,Product C,51,60,32,5,299.8,0.025
2024-06-21,Product D,36,90,48,7,224.89,0.018
2024-06-22,Product A,145,25,13,3,451.04,0.058
2024-06-22,Product B,104,40,23,4,421.16,0.053
2024-06-22,Product C,50,60,32,5,238.84,0.017
2024-06-22,Product D,34,90,48,7,213.75,0.022
2024-06-23,Product A,153,25,13,3,362.89,0.085
2024-06-23,Product B,106,40,23,4,298.4,0.037
2024-06-23,Product C,46,60,32,5,237.54,0.015
2024-06-23,Product D,40,90,48,7,214.3,0.019
2024-06-24,Product A,133,25,13,3,363.49,0.053
2024-06-24,Product B,121,40,23,4,346.95,0.058
2024-06-24,Product C,63,60,32,5,259.87,0.016
2024-06-24,Product D,46,90,48,7,297.66,0.014
2024-06-25,Product A,158,25,13,3,296.02,0.081
2024-06-25,Product B,101,40,23,4,303.16,0.04
2024-06-25,Product C,62,60,32,5,274.59,0.02
2024-06-25,Product D,41,90,48,7,276.35,0.02
2024-06-26,Product A,153,25,13,3,365.47,0.067
2024-06-26,Product B,109,40,23,4,316.33,0.056
2024-06-26,Product C,62,60,32,5,223.02,0.025
2024-06-26,Product D,35,90,48,7,194.89,0.016
2024-06-27,Product A,150,25,13,3,356.39,0.057
2024-06-27,Product B,110,40,23,4,334.31,0.03
2024-06-27,Product C,62,60,32,5,287.49,0.03
2024-06-27,Product D,42,90,48,7,214.67,0.018
2024-06-28,Product A,156,25,13,3,387.42,0.059
2024-06-28,Product B,98,40,23,4,241.44,0.046
2024-06-28,Product C,57,60,32,5,288.28,0.025
2024-06-28,Product D,32,90,48,7,220.33,0.019
2024-06-29,Product A,163,25,13,3,306.71,0.07
2024-06-29,Product B,108,40,23,4,301.51,0.058
2024-06-29,Product C,57,60,32,5,305.55,0.035
2024-06-29,Product D,38,90,48,7,233.85,0.018
2024-06-30,Product A,143,25,13,3,463.8,0.079
2024-06-30,Product B,105,40,23,4,249.45,0.05
2024-06-30,Product C,59,60,32,5,218.88,0.022
2024-06-30,Product D,33,90,48,7,245.53,0.013
